ID,CLASS
ISIC_0014522,2
ISIC_0013355,2
ISIC_0027384,2
ISIC_0062664,5
ISIC_0071920,3
ISIC_0028439,2
ISIC_0061532,2
ISIC_0000060,2
ISIC_0060590,5
ISIC_0026885,2
ISIC_0067633,3
ISIC_0000031,1
ISIC_0062026,1
ISIC_0031763,2
ISIC_0072518,2
ISIC_0030103,2
ISIC_0026396,2
ISIC_0065192,1
ISIC_0056664,2
ISIC_0029563,2
ISIC_0026237,2
ISIC_0028115,2
ISIC_0031889,2
ISIC_0032236,2
ISIC_0060269,4
ISIC_0028969,5
ISIC_0031731,2
ISIC_0069377,2
ISIC_0032270,2
ISIC_0060276,2
ISIC_0030696,2
ISIC_0013599,2
ISIC_0014328,5
ISIC_0063733,2
ISIC_0015211,2
ISIC_0056189,3
ISIC_0067687,3
ISIC_0031521,2
ISIC_0032302,2
ISIC_0070754,4
ISIC_0031517,1
ISIC_0013434,2
ISIC_0060948,1
ISIC_0072663,3
ISIC_0013033,5
ISIC_0010168,2
ISIC_0072858,2
ISIC_0025676,2
ISIC_0065739,3
ISIC_0069098,1
ISIC_0054994,4
ISIC_0029752,2
ISIC_0067346,3
ISIC_0032001,2
ISIC_0069215,3
ISIC_0025860,2
ISIC_0027068,5
ISIC_0025005,5
ISIC_0025623,2
ISIC_0054597,2
ISIC_0029976,2
ISIC_0066453,3
ISIC_0033893,2
ISIC_0065546,3
ISIC_0066470,1
ISIC_0033925,1
ISIC_0016023,3
ISIC_0055988,2
ISIC_0025072,2
ISIC_0025558,6
ISIC_0071423,4
ISIC_0061404,1
ISIC_0025062,2
ISIC_0028428,2
ISIC_0061874,2
ISIC_0056614,1
ISIC_0033773,5
ISIC_0056108,2
ISIC_0059527,2
ISIC_0025069,1
ISIC_0033066,5
ISIC_0062490,2
ISIC_0062359,1
ISIC_0069249,3
ISIC_0030072,2
ISIC_0069471,2
ISIC_0034105,2
ISIC_0000474,2
ISIC_0063903,1
ISIC_0014703,2
ISIC_0070452,1
ISIC_0025708,2
ISIC_0033199,5
ISIC_0024737,2
ISIC_0025133,2
ISIC_0010861,2
ISIC_0028498,5
ISIC_0068742,3
ISIC_0031195,2
ISIC_0029368,2
ISIC_0071482,3
ISIC_0024726,5
ISIC_0031687,2
ISIC_0064201,1
ISIC_0032393,2
ISIC_0027747,5
ISIC_0027296,2
ISIC_0065326,2
ISIC_0024704,2
ISIC_0058224,1
ISIC_0027966,3
ISIC_0033695,2
ISIC_0073081,3
ISIC_0030324,1
ISIC_0054038,1
ISIC_0029318,8
ISIC_0068864,2
ISIC_0060946,1
ISIC_0032635,1
ISIC_0058212,5
ISIC_0070015,8
ISIC_0014983,2
ISIC_0015215,2
ISIC_0026284,2
ISIC_0054532,2
ISIC_0054800,2
ISIC_0067706,4
ISIC_0053534,3
ISIC_0014558,5
ISIC_0029692,2
ISIC_0025552,2
ISIC_0057230,2
ISIC_0027868,2
ISIC_0069724,3
ISIC_0069475,1
ISIC_0029516,2
ISIC_0065509,2
ISIC_0063930,5
ISIC_0024489,5
ISIC_0054357,2
ISIC_0032718,1
ISIC_0028034,8
ISIC_0029542,2
ISIC_0064506,3
ISIC_0014222,2
ISIC_0057745,6
ISIC_0054339,3
ISIC_0011146,3
ISIC_0072827,1
ISIC_0056321,3
ISIC_0030065,2
ISIC_0057397,1
ISIC_0059210,3
ISIC_0071758,3
ISIC_0028004,2
ISIC_0025357,2
ISIC_0026740,2
ISIC_0026913,2
ISIC_0024997,5
ISIC_0031331,2
ISIC_0055459,1
ISIC_0025922,2
ISIC_0067855,4
ISIC_0064576,2
ISIC_0030774,2
ISIC_0031880,5
ISIC_0027949,1
ISIC_0024701,1
ISIC_0059870,1
ISIC_0066020,3
ISIC_0010475,2
ISIC_0057415,8
ISIC_0014992,2
ISIC_0070941,2
ISIC_0062080,3
ISIC_0064249,2
ISIC_0068829,2
ISIC_0065275,2
ISIC_0031699,2
ISIC_0029277,2
ISIC_0060821,7
ISIC_0055075,4
ISIC_0057161,1
ISIC_0063801,2
ISIC_0066331,3
ISIC_0028960,2
ISIC_0031959,2
ISIC_0024359,2
ISIC_0031120,2
ISIC_0061628,1
ISIC_0025388,2
ISIC_0033667,5
ISIC_0067251,3
ISIC_0033499,3
ISIC_0009904,1
ISIC_0059510,2
ISIC_0026774,2
ISIC_0029251,5
ISIC_0061281,1
ISIC_0029817,2
ISIC_0031485,2
ISIC_0014179,5
ISIC_0067962,5
ISIC_0069734,3
ISIC_0014695,5
ISIC_0058257,3
ISIC_0069317,2
ISIC_0013971,2
ISIC_0027327,2
ISIC_0025629,2
ISIC_0010037,6
ISIC_0054482,1
ISIC_0030539,5
ISIC_0066724,2
ISIC_0061690,3
ISIC_0053799,4
ISIC_0066781,4
ISIC_0025675,2
ISIC_0029544,2
ISIC_0012685,2
ISIC_0061067,1
ISIC_0025988,2
ISIC_0031974,2
ISIC_0028707,8
ISIC_0057729,1
ISIC_0029080,5
ISIC_0068927,2
ISIC_0026369,1
ISIC_0062686,1
ISIC_0030883,5
ISIC_0025731,3
ISIC_0031319,2
ISIC_0065505,2
ISIC_0068205,2
ISIC_0059419,2
ISIC_0063993,1
ISIC_0025969,2
ISIC_0062310,2
ISIC_0034167,3
ISIC_0028416,2
ISIC_0010586,2
ISIC_0071468,2
ISIC_0072100,2
ISIC_0055330,4
ISIC_0056546,2
ISIC_0028060,2
ISIC_0030105,2
ISIC_0031753,2
ISIC_0028540,1
ISIC_0065280,1
ISIC_0026245,2
ISIC_0061269,2
ISIC_0063385,2
ISIC_0027581,2
ISIC_0034209,2
ISIC_0029711,2
ISIC_0072195,1
ISIC_0073173,3
ISIC_0031722,2
ISIC_0064357,3
ISIC_0029509,2
ISIC_0069395,1
ISIC_0032063,5
ISIC_0026736,2
ISIC_0025587,3
ISIC_0033492,2
ISIC_0058222,3
ISIC_0028843,2
ISIC_0073155,3
ISIC_0029959,2
ISIC_0010025,2
ISIC_0064276,1
ISIC_0068153,1
ISIC_0011139,2
ISIC_0066884,5
ISIC_0027128,2
ISIC_0000040,2
ISIC_0025645,2
ISIC_0024571,1
ISIC_0054615,3
ISIC_0066113,2
ISIC_0010056,2
ISIC_0060476,3
ISIC_0024697,1
ISIC_0073097,1
ISIC_0028206,2
ISIC_0053528,5
ISIC_0031875,5
ISIC_0000129,1
ISIC_0061460,5
ISIC_0015482,2
ISIC_0034176,2
ISIC_0024481,1
ISIC_0010229,2
ISIC_0030459,5
ISIC_0062050,2
ISIC_0024534,2
ISIC_0026871,4
ISIC_0072062,2
ISIC_0068434,1
ISIC_0027591,2
ISIC_0031813,2
ISIC_0015949,5
ISIC_0026807,2
ISIC_0064397,2
ISIC_0055691,2
ISIC_0072375,1
ISIC_0030015,1
ISIC_0033414,2
ISIC_0026911,2
ISIC_0033308,1
ISIC_0010060,2
ISIC_0059693,5
ISIC_0031799,5
ISIC_0057635,5
ISIC_0066142,1
ISIC_0027238,1
ISIC_0054251,1
ISIC_0010207,1
ISIC_0026114,2
ISIC_0031447,2
ISIC_0065597,4
ISIC_0034236,2
ISIC_0027171,1
ISIC_0030606,7
ISIC_0060999,1
ISIC_0030096,4
ISIC_0029148,2
ISIC_0028144,2
ISIC_0068143,1
ISIC_0059104,1
ISIC_0025379,2
ISIC_0070311,5
ISIC_0066247,2
ISIC_0053810,1
ISIC_0070553,1
ISIC_0063747,3
ISIC_0028220,1
ISIC_0066492,2
ISIC_0029233,5
ISIC_0014626,1
ISIC_0026770,2
ISIC_0024407,2
ISIC_0026497,2
ISIC_0028430,5
ISIC_0064831,2
ISIC_0013335,2
ISIC_0067763,2
ISIC_0032781,2
ISIC_0071102,3
ISIC_0004166,2
ISIC_0030885,2
ISIC_0014570,5
ISIC_0068685,2
ISIC_0030198,2
ISIC_0024412,3
ISIC_0028725,2
ISIC_0031213,2
ISIC_0065076,3
ISIC_0033944,2
ISIC_0059192,2
ISIC_0034155,3
ISIC_0061343,2
ISIC_0024738,5
ISIC_0062647,2
ISIC_0026510,2
ISIC_0072732,3
ISIC_0025060,2
ISIC_0014772,2
ISIC_0014863,1
ISIC_0012290,6
ISIC_0026407,2
ISIC_0010459,2
ISIC_0030062,2
ISIC_0031134,3
ISIC_0069917,3
ISIC_0056445,5
ISIC_0064236,3
ISIC_0027055,2
ISIC_0055983,1
ISIC_0065333,2
ISIC_0027226,2
ISIC_0060154,7
ISIC_0030484,2
ISIC_0026058,2
ISIC_0068229,3
ISIC_0068023,1
ISIC_0032839,7
ISIC_0065767,5
ISIC_0056923,2
ISIC_0024927,2
ISIC_0062636,1
ISIC_0024904,7
ISIC_0032273,2
ISIC_0026833,2
ISIC_0026730,5
ISIC_0026213,3
ISIC_0067277,6
ISIC_0069915,2
ISIC_0031754,2
ISIC_0027330,2
ISIC_0031860,2
ISIC_0033785,5
ISIC_0015109,1
ISIC_0030667,2
ISIC_0031614,3
ISIC_0054559,2
ISIC_0062323,1
ISIC_0055305,2
ISIC_0063109,1
ISIC_0032525,2
ISIC_0066531,5
ISIC_0030761,2
ISIC_0033338,2
ISIC_0025342,2
ISIC_0056156,1
ISIC_0058543,1
ISIC_0033400,5
ISIC_0024497,2
ISIC_0058909,1
ISIC_0028704,2
ISIC_0057658,3
ISIC_0012151,2
ISIC_0014031,2
ISIC_0066574,2
ISIC_0033644,2
ISIC_0032692,7
ISIC_0026417,2
ISIC_0058593,4
ISIC_0029282,2
ISIC_0032791,2
ISIC_0056110,2
ISIC_0059264,1
ISIC_0015279,2
ISIC_0032154,8
ISIC_0059437,2
ISIC_0063250,1
ISIC_0071740,1
ISIC_0028880,3
ISIC_0062421,1
ISIC_0015331,2
ISIC_0056303,1
ISIC_0033671,5
ISIC_0000542,2
ISIC_0068842,3
ISIC_0032060,2
ISIC_0057805,3
ISIC_0025939,5
ISIC_0024827,5
ISIC_0070445,1
ISIC_0030691,2
ISIC_0031000,2
ISIC_0054993,3
ISIC_0062163,5
ISIC_0033143,2
ISIC_0013398,2
ISIC_0055699,1
ISIC_0015985,2
ISIC_0055947,2
ISIC_0062389,1
ISIC_0025036,2
ISIC_0031733,2
ISIC_0057059,1
ISIC_0066039,3
ISIC_0063528,1
ISIC_0057330,1
ISIC_0064450,3
ISIC_0070533,2
ISIC_0011126,1
ISIC_0067979,3
ISIC_0024366,2
ISIC_0031061,5
ISIC_0067308,1
ISIC_0061864,3
ISIC_0025832,2
ISIC_0013121,2
ISIC_0025529,5
ISIC_0010606,2
ISIC_0029510,2
ISIC_0062369,5
ISIC_0024948,8
ISIC_0029809,5
ISIC_0061141,1
ISIC_0024616,2
ISIC_0066969,1
ISIC_0071353,2
ISIC_0055836,3
ISIC_0016063,3
ISIC_0024621,2
ISIC_0014248,2
ISIC_0057140,1
ISIC_0072870,2
ISIC_0030898,1
ISIC_0029670,4
ISIC_0010014,2
ISIC_0026907,5
ISIC_0013828,4
ISIC_0073149,3
ISIC_0055261,5
ISIC_0033869,5
ISIC_0068015,1
ISIC_0028958,2
ISIC_0061994,1
ISIC_0030637,2
ISIC_0027947,2
ISIC_0070261,3
ISIC_0002829,2
ISIC_0029033,2
ISIC_0061738,3
ISIC_0054959,2
ISIC_0057610,1
ISIC_0063394,4
ISIC_0026591,2
ISIC_0062014,1
ISIC_0065921,1
ISIC_0014219,5
ISIC_0065789,2
ISIC_0024607,2
ISIC_0025716,1
ISIC_0072257,5
ISIC_0028980,3
ISIC_0059758,5
ISIC_0029541,4
ISIC_0069049,2
ISIC_0058035,2
ISIC_0026047,2
ISIC_0000546,2
ISIC_0064160,2
ISIC_0069450,5
ISIC_0026171,4
ISIC_0066967,2
ISIC_0065796,2
ISIC_0025187,2
ISIC_0000476,2
ISIC_0057732,3
ISIC_0033410,5
ISIC_0025574,2
ISIC_0054169,3
ISIC_0026337,5
ISIC_0000506,2
ISIC_0012207,2
ISIC_0029236,2
ISIC_0070558,2
ISIC_0031403,2
ISIC_0031492,2
ISIC_0059943,1
ISIC_0067592,4
ISIC_0059816,3
ISIC_0027383,2
ISIC_0068184,2
ISIC_0025141,2
ISIC_0069119,1
ISIC_0026328,2
ISIC_0066109,2
ISIC_0073223,8
ISIC_0032460,5
ISIC_0026199,2
ISIC_0026896,2
ISIC_0027848,2
ISIC_0067858,2
ISIC_0012837,2
ISIC_0064741,5
ISIC_0031735,3
ISIC_0063217,8
ISIC_0034029,2
ISIC_0059153,3
ISIC_0070431,1
ISIC_0067127,1
ISIC_0062550,2
ISIC_0011203,1
ISIC_0030317,2
ISIC_0061329,2
ISIC_0033303,5
ISIC_0064719,2
ISIC_0014951,2
ISIC_0025778,8
ISIC_0057890,8
ISIC_0028851,2
ISIC_0054355,1
ISIC_0028085,3
ISIC_0026939,2
ISIC_0063956,4
ISIC_0071559,2
ISIC_0029082,3
ISIC_0055633,5
ISIC_0064975,3
ISIC_0000006,2
ISIC_0032655,5
ISIC_0025279,2
ISIC_0054925,2
ISIC_0072463,3
ISIC_0071637,3
ISIC_0030302,2
ISIC_0010357,2
ISIC_0030048,2
ISIC_0057862,2
ISIC_0009918,1
ISIC_0033142,2
ISIC_0070786,1
ISIC_0031953,2
ISIC_0027242,5
ISIC_0031287,5
ISIC_0062980,3
ISIC_0025083,5
ISIC_0034170,2
ISIC_0029931,5
ISIC_0066254,2
ISIC_0033349,7
ISIC_0028483,2
ISIC_0063316,2
ISIC_0059917,3
ISIC_0064676,4
ISIC_0071385,1
ISIC_0057481,2
ISIC_0070737,5
ISIC_0066362,2
ISIC_0063807,1
ISIC_0054639,2
ISIC_0062953,4
ISIC_0031012,3
ISIC_0026924,2
ISIC_0031190,2
ISIC_0070411,8
ISIC_0030527,2
ISIC_0066508,2
ISIC_0066510,1
ISIC_0028518,2
ISIC_0065849,3
ISIC_0027526,8
ISIC_0062332,3
ISIC_0029469,2
ISIC_0071757,3
ISIC_0060050,2
ISIC_0056779,1
ISIC_0064445,5
ISIC_0070130,2
ISIC_0028457,3
ISIC_0071694,5
ISIC_0030249,4
ISIC_0014599,5
ISIC_0066803,5
ISIC_0056222,1
ISIC_0067935,4
ISIC_0062325,1
ISIC_0014790,1
ISIC_0056241,8
ISIC_0054535,3
ISIC_0031675,2
ISIC_0061386,3
ISIC_0024486,2
ISIC_0066003,5
ISIC_0033977,2
ISIC_0014849,2
ISIC_0031160,1
ISIC_0025245,2
ISIC_0072114,8
ISIC_0070822,1
ISIC_0031644,2
ISIC_0065955,3
ISIC_0031876,4
ISIC_0056886,4
ISIC_0072070,4
ISIC_0061409,1
ISIC_0002975,2
ISIC_0025025,2
ISIC_0059063,3
ISIC_0063290,4
ISIC_0056456,1
ISIC_0068954,4
ISIC_0025598,2
ISIC_0015021,2
ISIC_0001449,2
ISIC_0063388,4
ISIC_0069312,2
ISIC_0067141,2
ISIC_0066359,1
ISIC_0026354,2
ISIC_0032119,2
ISIC_0069011,3
ISIC_0027698,2
ISIC_0066458,2
ISIC_0056380,2
ISIC_0010000,1
ISIC_0065307,1
ISIC_0064351,3
ISIC_0025224,2
ISIC_0065039,1
ISIC_0054137,3
ISIC_0034261,2
ISIC_0032754,2
ISIC_0033412,2
ISIC_0027099,1
ISIC_0060982,3
ISIC_0067137,3
ISIC_0068770,1
ISIC_0054705,1
ISIC_0013224,3
ISIC_0000321,2
ISIC_0000036,1
ISIC_0033812,5
ISIC_0029297,6
ISIC_0009915,2
ISIC_0033691,5
ISIC_0056246,1
ISIC_0069411,1
ISIC_0057102,1
ISIC_0012414,5
ISIC_0014667,5
ISIC_0064031,2
ISIC_0031204,2
ISIC_0032138,6
ISIC_0028307,2
ISIC_0058425,1
ISIC_0062936,3
ISIC_0057180,1
ISIC_0063197,2
ISIC_0056264,7
ISIC_0029578,6
ISIC_0066115,3
ISIC_0059968,2
ISIC_0013762,5
ISIC_0070873,3
ISIC_0057157,4
ISIC_0056828,5
ISIC_0030927,5
ISIC_0072097,2
ISIC_0056534,1
ISIC_0067010,2
ISIC_0066742,2
ISIC_0064101,3
ISIC_0026580,2
ISIC_0061266,2
ISIC_0028947,2
ISIC_0030390,5
ISIC_0014185,2
ISIC_0025199,5
ISIC_0056710,1
ISIC_0060454,1
ISIC_0025653,3
ISIC_0026574,3
ISIC_0071753,5
ISIC_0070692,2
ISIC_0060267,4
ISIC_0072290,2
ISIC_0024883,2
ISIC_0065880,4
ISIC_0025294,2
ISIC_0056044,1
ISIC_0068607,4
ISIC_0029435,2
ISIC_0059324,3
ISIC_0029013,2
ISIC_0032354,2
ISIC_0069896,2
ISIC_0071590,2
ISIC_0015089,2
ISIC_0030451,2
ISIC_0058711,3
ISIC_0069047,3
ISIC_0064157,1
ISIC_0062245,4
ISIC_0011322,2
ISIC_0026908,2
ISIC_0058472,3
ISIC_0009925,2
ISIC_0030142,4
ISIC_0029434,1
ISIC_0072637,5
ISIC_0072620,3
ISIC_0010067,3
ISIC_0063932,2
ISIC_0030794,6
ISIC_0031002,6
ISIC_0026860,2
ISIC_0070819,2
ISIC_0067457,5
ISIC_0014650,4
ISIC_0067205,1
ISIC_0056067,2
ISIC_0070580,4
ISIC_0014796,2
ISIC_0034014,2
ISIC_0057542,3
ISIC_0025409,2
ISIC_0013198,5
ISIC_0072659,1
ISIC_0026055,2
ISIC_0066461,7
ISIC_0015016,2
ISIC_0070187,5
ISIC_0054756,2
ISIC_0024771,2
ISIC_0062902,1
ISIC_0029478,2
ISIC_0058400,1
ISIC_0026511,5
ISIC_0055136,1
ISIC_0059599,3
ISIC_0065942,3
ISIC_0016019,2
ISIC_0032627,2
ISIC_0069483,4
ISIC_0071952,4
ISIC_0055193,1
ISIC_0070053,3
ISIC_0069446,8
ISIC_0070659,2
ISIC_0054120,3
ISIC_0030385,2
ISIC_0066519,1
ISIC_0011326,2
ISIC_0026827,5
ISIC_0064604,2
ISIC_0055000,2
ISIC_0067179,2
ISIC_0064760,8
ISIC_0069816,2
ISIC_0032243,5
ISIC_0024602,3
ISIC_0059626,2
ISIC_0026653,2
ISIC_0055658,2
ISIC_0064347,5
ISIC_0013789,2
ISIC_0013190,2
ISIC_0031676,1
ISIC_0026409,3
ISIC_0024569,2
ISIC_0028237,5
ISIC_0029410,2
ISIC_0060776,4
ISIC_0031942,1
ISIC_0034137,2
ISIC_0029958,5
ISIC_0032512,2
ISIC_0029058,2
ISIC_0029484,5
ISIC_0065272,2
ISIC_0034037,2
ISIC_0069597,3
ISIC_0033382,2
ISIC_0069873,4
ISIC_0024370,7
ISIC_0027405,2
ISIC_0054919,1
ISIC_0056441,2
ISIC_0000115,2
ISIC_0058199,2
ISIC_0060338,3
ISIC_0012330,2
ISIC_0070850,1
ISIC_0055251,1
ISIC_0055554,3
ISIC_0029844,2
ISIC_0032209,2
ISIC_0064024,3
ISIC_0060236,3
ISIC_0030468,2
ISIC_0068577,1
ISIC_0032450,1
ISIC_0057534,1
ISIC_0066881,1
ISIC_0067914,1
ISIC_0028140,2
ISIC_0028308,8
ISIC_0065287,8
ISIC_0068236,3
ISIC_0072499,8
ISIC_0067364,4
ISIC_0031958,1
ISIC_0062439,3
ISIC_0031648,7
ISIC_0029687,2
ISIC_0054555,7
ISIC_0033003,2
ISIC_0033448,2
ISIC_0026995,2
ISIC_0014578,5
ISIC_0012496,2
ISIC_0071884,1
ISIC_0013808,2
ISIC_0071471,1
ISIC_0063810,5
ISIC_0024541,2
ISIC_0032696,3
ISIC_0030452,3
ISIC_0000226,2
ISIC_0055748,1
ISIC_0030500,2
ISIC_0056111,3
ISIC_0065846,2
ISIC_0012386,8
ISIC_0067551,1
ISIC_0061614,3
ISIC_0053549,3
ISIC_0055477,1
ISIC_0055098,3
ISIC_0032406,2
ISIC_0032851,2
ISIC_0027155,1
ISIC_0024797,2
ISIC_0059307,4
ISIC_0067674,3
ISIC_0060706,1
ISIC_0061735,1
ISIC_0065348,2
ISIC_0031685,2
ISIC_0069818,4
ISIC_0053868,3
ISIC_0029245,2
ISIC_0056899,3
ISIC_0070065,3
ISIC_0062993,2
ISIC_0071192,1
ISIC_0069581,2
ISIC_0000071,2
ISIC_0071782,1
ISIC_0031483,2
ISIC_0059669,1
ISIC_0028435,2
ISIC_0027465,2
ISIC_0069094,3
ISIC_0071111,1
ISIC_0064110,2
ISIC_0032146,3
ISIC_0071179,1
ISIC_0012126,2
ISIC_0030841,2
ISIC_0070113,7
ISIC_0031039,2
ISIC_0057492,3
ISIC_0058478,5
ISIC_0065725,8
ISIC_0010071,2
ISIC_0059598,1
ISIC_0055375,3
ISIC_0029241,3
ISIC_0057296,5
ISIC_0067106,1
ISIC_0032234,2
ISIC_0030202,2
ISIC_0053530,2
ISIC_0066630,3
ISIC_0028860,1
ISIC_0066259,8
ISIC_0024593,1
ISIC_0030235,2
ISIC_0060483,3
ISIC_0010562,2
ISIC_0026787,1
ISIC_0071819,6
ISIC_0028186,8
ISIC_0066107,3
ISIC_0029291,5
ISIC_0056078,1
ISIC_0065804,1
ISIC_0013682,2
ISIC_0032564,1
ISIC_0071649,3
ISIC_0030047,5
ISIC_0028285,4
ISIC_0063079,5
ISIC_0071817,3
ISIC_0028183,2
ISIC_0029796,5
ISIC_0061320,1
ISIC_0032221,5
ISIC_0013690,2
ISIC_0031765,2
ISIC_0062270,3
ISIC_0029982,2
ISIC_0034035,2
ISIC_0025557,8
ISIC_0054546,7
ISIC_0028867,2
ISIC_0064502,6
ISIC_0032285,5
ISIC_0056548,3
ISIC_0003051,2
ISIC_0065383,1
ISIC_0063400,1
ISIC_0027398,2
ISIC_0071586,1
ISIC_0030206,2
ISIC_0028112,2
ISIC_0033080,2
ISIC_0024502,2
ISIC_0061361,5
ISIC_0057044,1
ISIC_0033962,2
ISIC_0012722,2
ISIC_0063905,3
ISIC_0025079,2
ISIC_0028868,2
ISIC_0000449,2
ISIC_0068126,2
ISIC_0068988,1
ISIC_0056444,2
ISIC_0030685,2
ISIC_0056486,3
ISIC_0015207,2
ISIC_0030367,1
ISIC_0031357,2
ISIC_0031511,5
ISIC_0029215,2
ISIC_0010585,2
ISIC_0067838,2
ISIC_0028361,5
ISIC_0059243,3
ISIC_0055199,2
ISIC_0062013,5
ISIC_0067910,3
ISIC_0054814,2
ISIC_0066790,3
ISIC_0029576,5
ISIC_0057138,2
ISIC_0061164,2
ISIC_0055995,2
ISIC_0033968,1
ISIC_0069622,3
ISIC_0029433,2
ISIC_0027407,5
ISIC_0000415,1
ISIC_0014525,2
ISIC_0012833,5
ISIC_0059214,2
ISIC_0071742,2
ISIC_0033617,2
ISIC_0007788,2
ISIC_0061397,3
ISIC_0001216,2
ISIC_0069398,3
ISIC_0014079,5
ISIC_0025967,2
ISIC_0061182,2
ISIC_0025697,2
ISIC_0072230,1
ISIC_0067729,2
ISIC_0031136,2
ISIC_0060452,2
ISIC_0031619,5
ISIC_0068106,1
ISIC_0067864,4
ISIC_0026343,2
ISIC_0029417,8
ISIC_0072813,3
ISIC_0026165,2
ISIC_0027113,2
ISIC_0033985,2
ISIC_0069669,4
ISIC_0031459,2
ISIC_0000204,1
ISIC_0024715,2
ISIC_0014794,1
ISIC_0063799,2
ISIC_0032448,2
ISIC_0064850,2
ISIC_0025541,2
ISIC_0065090,2
ISIC_0060943,8
ISIC_0053685,8
ISIC_0033397,5
ISIC_0015201,2
ISIC_0025024,2
ISIC_0057946,2
ISIC_0056749,2
ISIC_0061478,2
ISIC_0070766,2
ISIC_0031532,2
ISIC_0013673,5
ISIC_0033568,2
ISIC_0055994,2
ISIC_0072495,1
ISIC_0068528,5
ISIC_0071427,2
ISIC_0057501,2
ISIC_0033769,2
ISIC_0032152,2
ISIC_0058529,3
ISIC_0067597,1
ISIC_0072675,1
ISIC_0007235,2
ISIC_0056097,3
ISIC_0012313,2
ISIC_0031085,5
ISIC_0059519,2
ISIC_0072260,3
ISIC_0025599,7
ISIC_0031854,2
ISIC_0073070,5
ISIC_0026415,2
ISIC_0059118,5
ISIC_0026242,2
ISIC_0061702,2
ISIC_0065367,1
ISIC_0060443,2
ISIC_0033858,2
ISIC_0066557,2
ISIC_0065743,3
ISIC_0033845,2
ISIC_0062450,3
ISIC_0054565,2
ISIC_0027259,2
ISIC_0026130,2
ISIC_0030660,2
ISIC_0070993,4
ISIC_0071335,1
ISIC_0068559,3
ISIC_0053513,1
ISIC_0012662,2
ISIC_0033838,2
ISIC_0070525,3
ISIC_0027744,4
ISIC_0063425,1
ISIC_0029474,1
ISIC_0067077,4
ISIC_0059972,1
ISIC_0000185,2
ISIC_0025955,1
ISIC_0029447,2
ISIC_0057373,3
ISIC_0065416,2
ISIC_0026346,2
ISIC_0001163,2
ISIC_0056900,8
ISIC_0055825,2
ISIC_0069921,1
ISIC_0053666,4
ISIC_0066154,1
ISIC_0065783,3
ISIC_0064083,5
ISIC_0013486,2
ISIC_0055583,1
ISIC_0062493,4
ISIC_0030519,2
ISIC_0070208,2
ISIC_0064926,1
ISIC_0056026,1
ISIC_0059379,2
ISIC_0069226,2
ISIC_0069349,1
ISIC_0012701,1
ISIC_0066292,2
ISIC_0072755,2
ISIC_0072388,3
ISIC_0026765,3
ISIC_0068516,2
ISIC_0072408,2
ISIC_0063892,3
ISIC_0031111,1
ISIC_0029585,3
ISIC_0055838,4
ISIC_0056389,1
ISIC_0028121,5
ISIC_0025610,2
ISIC_0071501,2
ISIC_0071241,5
ISIC_0032817,2
ISIC_0013967,2
ISIC_0000193,2
ISIC_0030226,2
ISIC_0025066,8
ISIC_0057260,1
ISIC_0067707,2
ISIC_0025440,2
ISIC_0072738,1
ISIC_0031772,2
ISIC_0024745,2
ISIC_0067414,5
ISIC_0071830,3
ISIC_0030184,2
ISIC_0026515,2
ISIC_0069413,4
ISIC_0000548,2
ISIC_0072434,3
ISIC_0065838,5
ISIC_0068067,8
ISIC_0069558,1
ISIC_0000022,2
ISIC_0063910,2
ISIC_0026243,2
ISIC_0030440,3
ISIC_0061696,3
ISIC_0067577,1
ISIC_0054185,1
ISIC_0057443,2
ISIC_0070862,2
ISIC_0029436,1
ISIC_0033895,2
ISIC_0057365,2
ISIC_0030435,2
ISIC_0054322,3
ISIC_0068522,4
ISIC_0065056,3
ISIC_0034074,1
ISIC_0029929,5
ISIC_0029979,5
ISIC_0032698,1
ISIC_0062115,1
ISIC_0031084,2
ISIC_0069032,2
ISIC_0071134,1
ISIC_0012459,5
ISIC_0069300,4
ISIC_0030708,2
ISIC_0059585,2
ISIC_0000492,2
ISIC_0030517,2
ISIC_0067347,1
ISIC_0073232,1
ISIC_0071344,2
ISIC_0029840,4
ISIC_0014501,1
ISIC_0014963,1
ISIC_0067032,3
ISIC_0055981,2
ISIC_0053761,1
ISIC_0069920,1
ISIC_0027914,2
ISIC_0033118,2
ISIC_0064478,2
ISIC_0032036,5
ISIC_0065498,4
ISIC_0031488,2
ISIC_0000282,2
ISIC_0059696,2
ISIC_0065728,1
ISIC_0058458,1
ISIC_0014974,2
ISIC_0072957,2
ISIC_0056659,3
ISIC_0025241,2
ISIC_0070808,2
ISIC_0028727,2
ISIC_0066491,8
ISIC_0059299,2
ISIC_0067734,1
ISIC_0029386,2
ISIC_0011306,2
ISIC_0025121,1
ISIC_0030369,5
ISIC_0015483,2
ISIC_0024871,5
ISIC_0013929,2
ISIC_0060775,1
ISIC_0054368,5
ISIC_0025474,2
ISIC_0012167,2
ISIC_0071331,3
ISIC_0033591,7
ISIC_0067948,8
ISIC_0067733,1
ISIC_0030752,2
ISIC_0070666,2
ISIC_0071776,1
ISIC_0024542,2
ISIC_0033945,5
ISIC_0061110,3
ISIC_0065400,2
ISIC_0034102,2
ISIC_0034056,1
ISIC_0033294,1
ISIC_0028508,8
ISIC_0068266,8
ISIC_0060961,2
ISIC_0013580,5
ISIC_0033965,2
ISIC_0057172,1
ISIC_0013191,2
ISIC_0062744,2
ISIC_0030907,2
ISIC_0014797,2
ISIC_0027064,5
ISIC_0014803,2
ISIC_0026468,2
ISIC_0025627,3
ISIC_0026169,2
ISIC_0008294,2
ISIC_0069207,2
ISIC_0009987,5
ISIC_0024831,7
ISIC_0027846,3
ISIC_0061652,5
ISIC_0066278,4
ISIC_0055107,2
ISIC_0027288,2
ISIC_0027252,2
ISIC_0056310,3
ISIC_0028582,2
ISIC_0067326,1
ISIC_0070917,1
ISIC_0024392,2
ISIC_0026710,5
ISIC_0055008,1
ISIC_0000098,2
ISIC_0072107,3
ISIC_0060162,3
ISIC_0028103,5
ISIC_0056132,2
ISIC_0031022,2
ISIC_0069533,3
ISIC_0029298,2
ISIC_0024942,2
ISIC_0029859,2
ISIC_0027995,2
ISIC_0067842,2
ISIC_0061173,5
ISIC_0026793,2
ISIC_0031542,5
ISIC_0056780,4
ISIC_0033141,1
ISIC_0058063,1
ISIC_0025870,2
ISIC_0064570,3
ISIC_0027849,2
ISIC_0010249,2
ISIC_0072519,4
ISIC_0026287,2
ISIC_0028878,5
ISIC_0068766,1
ISIC_0069984,4
ISIC_0054054,4
ISIC_0032180,2
ISIC_0069959,1
ISIC_0030619,2
ISIC_0030977,5
ISIC_0063946,2
ISIC_0033948,2
ISIC_0068515,1
ISIC_0070713,4
ISIC_0029960,2
ISIC_0071171,2
ISIC_0072632,2
ISIC_0012813,5
ISIC_0067160,4
ISIC_0061929,2
ISIC_0069865,1
ISIC_0066430,2
ISIC_0025420,2
ISIC_0061049,1
ISIC_0054673,2
ISIC_0025786,1
ISIC_0024811,2
ISIC_0065747,2
ISIC_0062454,1
ISIC_0029316,1
ISIC_0065887,5
ISIC_0029092,1
ISIC_0060308,1
ISIC_0025938,2
ISIC_0054330,2
ISIC_0025206,2
ISIC_0028385,2
ISIC_0065794,2
ISIC_0064021,3
ISIC_0009883,2
ISIC_0033877,2
ISIC_0009901,2
ISIC_0000069,2
ISIC_0031697,2
ISIC_0029920,2
ISIC_0070460,6
ISIC_0000123,2
ISIC_0028989,3
ISIC_0028920,5
ISIC_0070532,4
ISIC_0031491,2
ISIC_0034202,1
ISIC_0070227,1
ISIC_0028526,2
ISIC_0071611,2
ISIC_0065529,2
ISIC_0055893,2
ISIC_0058546,2
ISIC_0065668,1
ISIC_0063662,3
ISIC_0069655,5
ISIC_0054215,3
ISIC_0057633,1
ISIC_0028158,8
ISIC_0033613,2
ISIC_0029667,2
ISIC_0070501,1
ISIC_0026163,7
ISIC_0028787,5
ISIC_0058494,4
ISIC_0025556,2
ISIC_0062971,3
ISIC_0068851,2
ISIC_0066025,2
ISIC_0053811,2
ISIC_0069658,3
ISIC_0062715,2
ISIC_0057020,3
ISIC_0026980,5
ISIC_0031705,5
ISIC_0070486,4
ISIC_0032800,2
ISIC_0058607,2
ISIC_0058359,1
ISIC_0055381,2
ISIC_0057849,1
ISIC_0026803,5
ISIC_0031044,4
ISIC_0030083,1
ISIC_0028886,2
ISIC_0030307,2
ISIC_0026790,5
ISIC_0029373,2
ISIC_0033442,2
ISIC_0014815,2
ISIC_0072284,1
ISIC_0071407,2
ISIC_0030658,2
ISIC_0068696,1
ISIC_0057569,4
ISIC_0066911,2
ISIC_0058098,1
ISIC_0033027,2
ISIC_0000410,2
ISIC_0031047,2
ISIC_0033342,2
ISIC_0012210,5
ISIC_0063513,5
ISIC_0056411,4
ISIC_0064016,8
ISIC_0069247,2
ISIC_0033366,3
ISIC_0061752,2
ISIC_0063967,3
ISIC_0034180,1
ISIC_0026063,2
ISIC_0024539,2
ISIC_0025210,2
ISIC_0054340,4
ISIC_0015455,2
ISIC_0057994,7
ISIC_0069339,2
ISIC_0064954,2
ISIC_0059227,3
ISIC_0024858,2
ISIC_0061098,5
ISIC_0059181,1
ISIC_0024409,5
ISIC_0065768,2
ISIC_0058513,3
ISIC_0065355,5
ISIC_0028380,2
ISIC_0065780,3
ISIC_0071408,1
ISIC_0063467,1
ISIC_0066563,4
ISIC_0024322,2
ISIC_0063300,1
ISIC_0054297,5
ISIC_0031021,2
ISIC_0058559,1
ISIC_0067539,1
ISIC_0069126,2
ISIC_0056509,2
ISIC_0031638,2
ISIC_0057151,2
ISIC_0034256,1
ISIC_0033155,2
ISIC_0064882,2
ISIC_0026111,3
ISIC_0070427,1
ISIC_0066587,1
ISIC_0032894,3
ISIC_0065103,3
ISIC_0024993,2
ISIC_0032595,2
ISIC_0059835,8
ISIC_0032581,2
ISIC_0029169,1
ISIC_0015372,1
ISIC_0069763,4
ISIC_0026076,2
ISIC_0069404,2
ISIC_0031615,2
ISIC_0064258,3
ISIC_0033125,2
ISIC_0032798,2
ISIC_0064411,2
ISIC_0069197,1
ISIC_0025472,2
ISIC_0061660,1
ISIC_0072869,8
ISIC_0064795,2
ISIC_0000024,3
ISIC_0031133,6
ISIC_0014822,2
ISIC_0026395,3
ISIC_0026989,2
ISIC_0025984,2
ISIC_0058421,4
ISIC_0031978,2
ISIC_0028863,2
ISIC_0062158,1
ISIC_0060698,1
ISIC_0031423,2
ISIC_0026059,2
ISIC_0060330,2
ISIC_0064654,1
ISIC_0033063,1
ISIC_0070830,1
ISIC_0059714,2
ISIC_0013160,3
ISIC_0069093,1
ISIC_0070290,3
ISIC_0060273,3
ISIC_0054688,3
ISIC_0032624,1
ISIC_0033374,2
ISIC_0029235,5
ISIC_0013383,2
ISIC_0059050,3
ISIC_0033394,1
ISIC_0032397,5
ISIC_0025517,7
ISIC_0026202,2
ISIC_0000258,5
ISIC_0034166,2
ISIC_0072380,1
ISIC_0024840,2
ISIC_0064262,3
ISIC_0025248,1
ISIC_0073004,2
ISIC_0060035,8
ISIC_0067517,2
ISIC_0033438,5
ISIC_0059469,2
ISIC_0033214,2
ISIC_0028602,2
ISIC_0027047,3
ISIC_0072613,3
ISIC_0070953,3
ISIC_0067109,1
ISIC_0061759,3
ISIC_0032153,2
ISIC_0064128,3
ISIC_0028899,5
ISIC_0054043,2
ISIC_0067483,2
ISIC_0056176,4
ISIC_0072106,2
ISIC_0030587,2
ISIC_0032858,2
ISIC_0066733,2
ISIC_0033339,2
ISIC_0061321,5
ISIC_0071801,5
ISIC_0029580,3
ISIC_0029879,2
ISIC_0055079,1
ISIC_0061484,3
ISIC_0015310,2
ISIC_0068447,7
ISIC_0033171,1
ISIC_0032121,2
ISIC_0063006,2
ISIC_0062330,2
ISIC_0066103,2
ISIC_0062408,2
ISIC_0028083,2
ISIC_0065064,5
ISIC_0055121,3
ISIC_0058318,8
ISIC_0013795,2
ISIC_0060099,1
ISIC_0027672,7
ISIC_0028778,2
ISIC_0070568,3
ISIC_0013443,5
ISIC_0025011,2
ISIC_0030088,5
ISIC_0067805,1
ISIC_0028993,2
ISIC_0067183,3
ISIC_0024431,3
ISIC_0054268,2
ISIC_0072520,3
ISIC_0027771,3
ISIC_0062712,1
ISIC_0055463,2
ISIC_0053697,6
ISIC_0054544,3
ISIC_0060728,1
ISIC_0033569,1
ISIC_0054310,2
ISIC_0070312,3
ISIC_0055486,2
ISIC_0058553,3
ISIC_0000498,2
ISIC_0071654,2
ISIC_0071007,3
ISIC_0014805,2
ISIC_0027215,2
ISIC_0027820,5
ISIC_0072802,2
ISIC_0065633,4
ISIC_0027948,2
ISIC_0010205,2
ISIC_0006776,2
ISIC_0065972,3
ISIC_0025962,2
ISIC_0032176,8
ISIC_0054025,1
ISIC_0068056,2
ISIC_0058832,3
ISIC_0031562,2
ISIC_0027934,2
ISIC_0058429,4
ISIC_0000453,2
ISIC_0014327,2
ISIC_0027979,2
ISIC_0025408,2
ISIC_0009919,1
ISIC_0057454,2
ISIC_0062689,5
ISIC_0026444,5
ISIC_0033177,2
ISIC_0024821,5
ISIC_0065960,4
ISIC_0034162,2
ISIC_0029639,6
ISIC_0063241,1
ISIC_0012547,2
ISIC_0031525,2
ISIC_0061008,1
ISIC_0054495,2
ISIC_0032351,2
ISIC_0066694,2
ISIC_0071480,3
ISIC_0012416,2
ISIC_0032857,3
ISIC_0025595,2
ISIC_0031207,2
ISIC_0033778,2
ISIC_0064867,5
ISIC_0063018,1
ISIC_0015270,2
ISIC_0014612,5
ISIC_0029288,5
ISIC_0069965,4
ISIC_0030912,5
ISIC_0062295,2
ISIC_0067906,2
ISIC_0012903,2
ISIC_0015190,2
ISIC_0015208,2
ISIC_0032569,2
ISIC_0069092,3
ISIC_0062497,1
ISIC_0030008,2
ISIC_0032079,3
ISIC_0066864,8
ISIC_0013639,2
ISIC_0014936,2
ISIC_0058863,3
ISIC_0070347,2
ISIC_0055442,2
ISIC_0032668,2
ISIC_0068849,3
ISIC_0070923,2
ISIC_0024537,1
ISIC_0062260,1
ISIC_0070623,5
ISIC_0032764,2
ISIC_0068259,4
ISIC_0012873,2
ISIC_0058570,4
ISIC_0069105,1
ISIC_0013982,2
ISIC_0072306,3
ISIC_0062426,4
ISIC_0014959,2
ISIC_0062465,5
ISIC_0072041,2
ISIC_0025996,5
ISIC_0029517,2
ISIC_0060493,2
ISIC_0032475,2
ISIC_0029159,2
ISIC_0069188,3
ISIC_0029871,2
ISIC_0033322,5
ISIC_0064898,3
ISIC_0028357,2
ISIC_0065811,4
ISIC_0025160,2
ISIC_0054112,1
ISIC_0031132,5
ISIC_0055922,2
ISIC_0034259,1
ISIC_0010367,2
ISIC_0061512,3
ISIC_0033299,1
ISIC_0025034,2
ISIC_0025359,2
ISIC_0071550,1
ISIC_0030576,2
ISIC_0030698,5
ISIC_0056903,2
ISIC_0069291,2
ISIC_0066751,3
ISIC_0054377,1
ISIC_0069557,3
ISIC_0061291,5
ISIC_0000141,2
ISIC_0061784,2
ISIC_0058431,4
ISIC_0028782,2
ISIC_0067612,2
ISIC_0030195,2
ISIC_0028610,2
ISIC_0030904,2
ISIC_0029939,2
ISIC_0012877,4
ISIC_0033266,3
ISIC_0031278,8
ISIC_0061059,4
ISIC_0070920,1
ISIC_0062313,1
ISIC_0061981,4
ISIC_0033042,4
ISIC_0065563,2
ISIC_0068356,3
ISIC_0031055,2
ISIC_0064084,1
ISIC_0027742,1
ISIC_0059014,3
ISIC_0027794,2
ISIC_0030164,2
ISIC_0027509,5
ISIC_0025838,5
ISIC_0000163,1
ISIC_0057928,2
ISIC_0060218,1
ISIC_0068089,2
ISIC_0061303,3
ISIC_0070406,1
ISIC_0033835,2
ISIC_0029980,2
ISIC_0014073,2
ISIC_0024629,2
ISIC_0026696,2
ISIC_0026950,8
ISIC_0055301,2
ISIC_0000262,2
ISIC_0028670,3
ISIC_0058755,1
ISIC_0026840,2
ISIC_0026137,2
ISIC_0065057,3
ISIC_0026189,2
ISIC_0055350,8
ISIC_0061629,2
ISIC_0068758,3
ISIC_0060990,3
ISIC_0055385,2
ISIC_0033582,2
ISIC_0073115,3
ISIC_0014910,2
ISIC_0068445,2
ISIC_0026024,2
ISIC_0070765,2
ISIC_0025657,2
ISIC_0064970,3
ISIC_0025663,2
ISIC_0058468,4
ISIC_0028731,2
ISIC_0054662,3
ISIC_0029063,2
ISIC_0032671,5
ISIC_0025954,6
ISIC_0001152,1
ISIC_0027588,5
ISIC_0030056,1
ISIC_0031861,2
ISIC_0029413,5
ISIC_0034088,2
ISIC_0067532,3
ISIC_0030825,3
ISIC_0027527,5
ISIC_0031732,2
ISIC_0060105,4
ISIC_0012306,1
ISIC_0026595,2
ISIC_0060543,2
ISIC_0059868,5
ISIC_0030910,8
ISIC_0029322,2
ISIC_0060702,5
ISIC_0054350,1
ISIC_0057692,1
ISIC_0053744,3
ISIC_0065098,3
ISIC_0027785,2
ISIC_0033039,2
ISIC_0001100,1
ISIC_0071822,3
ISIC_0068561,2
ISIC_0030381,2
ISIC_0068827,2
ISIC_0058276,5
ISIC_0027059,2
ISIC_0067868,3
ISIC_0024955,2
ISIC_0032913,1
ISIC_0032830,2
ISIC_0029498,2
ISIC_0026706,2
ISIC_0029166,5
ISIC_0057186,3
ISIC_0060298,3
ISIC_0061014,1
ISIC_0031279,2
ISIC_0060440,5
ISIC_0069641,1
ISIC_0027148,2
ISIC_0027445,2
ISIC_0060198,3
ISIC_0029165,2
ISIC_0054024,1
ISIC_0071305,2
ISIC_0070715,3
ISIC_0016049,2
ISIC_0025347,2
ISIC_0069551,8
ISIC_0061423,5
ISIC_0062513,2
ISIC_0026817,2
ISIC_0053774,1
ISIC_0012810,5
ISIC_0064055,3
ISIC_0025673,2
ISIC_0032108,2
ISIC_0028862,2
ISIC_0067682,1
ISIC_0062706,5
ISIC_0064565,2
ISIC_0031245,3
ISIC_0064431,4
ISIC_0024433,1
ISIC_0033328,3
ISIC_0061832,3
ISIC_0060042,2
ISIC_0030683,5
ISIC_0029145,3
ISIC_0068346,3
ISIC_0014569,5
ISIC_0054854,3
ISIC_0068280,2
ISIC_0059435,1
ISIC_0028356,2
ISIC_0030689,5
ISIC_0068901,1
ISIC_0066759,3
ISIC_0026713,7
ISIC_0071460,5
ISIC_0012749,1
ISIC_0032722,2
ISIC_0033423,2
ISIC_0033619,1
ISIC_0029813,2
ISIC_0056286,4
ISIC_0025863,2
ISIC_0028436,1
ISIC_0065626,3
ISIC_0064072,1
ISIC_0030976,2
ISIC_0027732,2
ISIC_0058600,5
ISIC_0053523,5
ISIC_0025815,2
ISIC_0032196,2
ISIC_0063151,2
ISIC_0028086,1
ISIC_0054325,5
ISIC_0055569,5
ISIC_0033564,2
ISIC_0028123,5
ISIC_0031436,5
ISIC_0059933,4
ISIC_0063101,3
ISIC_0029451,2
ISIC_0055818,1
ISIC_0030552,2
ISIC_0072112,3
ISIC_0058889,2
ISIC_0025575,5
ISIC_0032960,4
ISIC_0010011,2
ISIC_0029457,2
ISIC_0014588,5
ISIC_0029777,2
ISIC_0064583,3
ISIC_0033772,2
ISIC_0029983,2
ISIC_0000327,2
ISIC_0000073,2
ISIC_0057875,2
ISIC_0070440,5
ISIC_0068781,3
ISIC_0013129,2
ISIC_0031036,2
ISIC_0063828,5
ISIC_0058712,2
ISIC_0030471,2
ISIC_0033584,2
ISIC_0067125,5
ISIC_0031834,2
ISIC_0034240,2
ISIC_0009898,2
ISIC_0063835,2
ISIC_0061112,1
ISIC_0069268,1
ISIC_0029774,2
ISIC_0066399,1
ISIC_0067728,4
ISIC_0031157,2
ISIC_0056940,1
ISIC_0067217,6
ISIC_0028919,2
ISIC_0027379,5
ISIC_0014985,1
ISIC_0062878,4
ISIC_0025143,2
ISIC_0025475,2
ISIC_0030748,2
ISIC_0064798,1
ISIC_0071985,2
ISIC_0065009,2
ISIC_0033406,1
ISIC_0068136,3
ISIC_0014723,2
ISIC_0016014,2
ISIC_0073059,3
ISIC_0014013,2
ISIC_0033286,2
ISIC_0029081,1
ISIC_0027363,2
ISIC_0028427,2
ISIC_0068374,2
ISIC_0069394,2
ISIC_0067521,1
ISIC_0063869,2
ISIC_0015607,1
ISIC_0003174,2
ISIC_0012322,2
ISIC_0071303,1
ISIC_0063369,5
ISIC_0067008,2
ISIC_0024829,3
ISIC_0056330,1
ISIC_0032518,2
ISIC_0029855,2
ISIC_0057656,2
ISIC_0013071,2
ISIC_0025668,6
ISIC_0026324,3
ISIC_0030165,1
ISIC_0033588,2
ISIC_0072331,2
ISIC_0031355,2
ISIC_0066442,3
ISIC_0070677,2
ISIC_0054796,1
ISIC_0070081,3
ISIC_0014284,2
ISIC_0057847,3
ISIC_0029956,2
ISIC_0060345,2
ISIC_0030959,5
ISIC_0012442,2
ISIC_0055996,2
ISIC_0062655,2
ISIC_0055256,5
ISIC_0067488,1
ISIC_0027811,5
ISIC_0026386,2
ISIC_0066272,3
ISIC_0067227,2
ISIC_0028232,2
ISIC_0064286,3
ISIC_0060682,3
ISIC_0031667,1
ISIC_0054178,4
ISIC_0065681,3
ISIC_0065343,8
ISIC_0032197,5
ISIC_0033830,2
ISIC_0060403,2
ISIC_0028682,2
ISIC_0010481,2
ISIC_0058942,5
ISIC_0010019,2
ISIC_0028087,1
ISIC_0055146,4
ISIC_0026482,2
ISIC_0033102,2
ISIC_0058465,1
ISIC_0058387,3
ISIC_0000137,1
ISIC_0014618,5
ISIC_0031450,3
ISIC_0061751,1
ISIC_0026831,5
ISIC_0063320,4
ISIC_0063769,1
ISIC_0024579,8
ISIC_0034216,2
ISIC_0030011,2
ISIC_0031253,6
ISIC_0064033,1
ISIC_0031514,2
ISIC_0072213,2
ISIC_0009599,2
ISIC_0056965,3
ISIC_0012179,2
ISIC_0033726,2
ISIC_0033004,5
ISIC_0061582,4
ISIC_0030686,2
ISIC_0003728,2
ISIC_0025784,1
ISIC_0066779,2
ISIC_0059444,1
ISIC_0010849,1
ISIC_0061829,1
ISIC_0010233,2
ISIC_0033754,1
ISIC_0065376,3
ISIC_0033689,2
ISIC_0055601,2
ISIC_0068314,2
ISIC_0057567,2
ISIC_0024888,7
ISIC_0064808,1
ISIC_0013329,2
ISIC_0053559,3
ISIC_0033928,4
ISIC_0027508,2
ISIC_0034130,2
ISIC_0073136,1
ISIC_0026762,2
ISIC_0010265,2
ISIC_0015636,2
ISIC_0032266,5
ISIC_0060399,3
ISIC_0059216,1
ISIC_0013935,2
ISIC_0060922,2
ISIC_0024606,2
ISIC_0013523,2
ISIC_0065742,5
ISIC_0029549,3
ISIC_0027120,3
ISIC_0067288,2
ISIC_0060140,2
ISIC_0028488,2
ISIC_0070293,2
ISIC_0057694,1
ISIC_0070404,2
ISIC_0025118,2
ISIC_0026823,1
ISIC_0033542,2
ISIC_0033862,2
ISIC_0058410,2
ISIC_0032526,1
ISIC_0033422,6
ISIC_0066224,1
ISIC_0028408,2
ISIC_0070184,1
ISIC_0012284,2
ISIC_0054280,2
ISIC_0068385,1
ISIC_0061540,2
ISIC_0015283,2
ISIC_0015416,2
ISIC_0030699,2
ISIC_0063668,3
ISIC_0012384,2
ISIC_0068432,2
ISIC_0026615,2
ISIC_0001374,2
ISIC_0055826,2
ISIC_0026528,6
ISIC_0026451,2
ISIC_0029918,2
ISIC_0030147,2
ISIC_0031890,5
ISIC_0053845,1
ISIC_0011143,3
ISIC_0025906,5
ISIC_0014867,2
ISIC_0032282,2
ISIC_0024645,2
ISIC_0031284,3
ISIC_0031868,2
ISIC_0061302,2
ISIC_0025207,2
ISIC_0026502,2
ISIC_0055664,2
ISIC_0070726,2
ISIC_0058357,1
ISIC_0033431,1
ISIC_0063192,3
ISIC_0032971,2
ISIC_0059349,1
ISIC_0031411,1
ISIC_0070463,1
ISIC_0029748,2
ISIC_0029445,6
ISIC_0031825,4
ISIC_0054708,3
ISIC_0060880,3
ISIC_0014940,2
ISIC_0010598,1
ISIC_0027080,2
ISIC_0030854,2
ISIC_0026239,2
ISIC_0071585,2
ISIC_0064617,3
ISIC_0024855,2
ISIC_0011117,3
ISIC_0061593,4
ISIC_0056038,1
ISIC_0059416,2
ISIC_0060066,2
ISIC_0054141,1
ISIC_0058288,2
ISIC_0014166,8
ISIC_0025259,2
ISIC_0065584,4
ISIC_0072864,3
ISIC_0056661,8
ISIC_0032244,5
ISIC_0029827,3
ISIC_0025425,7
ISIC_0062705,2
ISIC_0026926,2
ISIC_0061102,2
ISIC_0025260,3
ISIC_0073066,3
ISIC_0030760,1
ISIC_0033253,2
ISIC_0033330,2
ISIC_0010171,2
ISIC_0070751,3
ISIC_0059240,2
ISIC_0071618,8
ISIC_0059334,3
ISIC_0069144,2
ISIC_0024782,1
ISIC_0072035,2
ISIC_0055223,1
ISIC_0032334,3
ISIC_0070922,2
ISIC_0013663,2
ISIC_0031006,2
ISIC_0025817,2
ISIC_0032659,2
ISIC_0014397,5
ISIC_0061096,3
ISIC_0030710,2
ISIC_0069250,1
ISIC_0058278,4
ISIC_0069914,3
ISIC_0057822,3
ISIC_0066242,2
ISIC_0056782,1
ISIC_0054494,2
ISIC_0054515,8
ISIC_0067639,2
ISIC_0009877,2
ISIC_0064097,2
ISIC_0024567,2
ISIC_0071850,1
ISIC_0029144,2
ISIC_0072847,3
ISIC_0066520,1
ISIC_0024468,8
ISIC_0028055,2
ISIC_0066604,2
ISIC_0054881,3
ISIC_0067269,2
ISIC_0054444,2
ISIC_0010070,2
ISIC_0059146,4
ISIC_0013114,2
ISIC_0061847,2
ISIC_0028706,2
ISIC_0026062,2
ISIC_0069937,1
ISIC_0058018,2
ISIC_0029195,5
ISIC_0033435,2
ISIC_0069293,1
ISIC_0010487,2
ISIC_0030267,2
ISIC_0014264,5
ISIC_0055361,1
ISIC_0032542,2
ISIC_0028709,3
ISIC_0025097,1
ISIC_0013800,1
ISIC_0026678,2
ISIC_0059581,3
ISIC_0064934,1
ISIC_0060761,5
ISIC_0030745,2
ISIC_0033732,5
ISIC_0031308,8
ISIC_0030753,2
ISIC_0030665,6
ISIC_0064094,3
ISIC_0065011,1
ISIC_0063849,5
ISIC_0067356,5
ISIC_0031971,2
ISIC_0059443,1
ISIC_0057199,1
ISIC_0053593,1
ISIC_0033936,1
ISIC_0030365,1
ISIC_0060248,1
ISIC_0033788,2
ISIC_0062422,2
ISIC_0011323,2
ISIC_0060684,3
ISIC_0059072,2
ISIC_0063612,3
ISIC_0058661,2
ISIC_0065449,1
ISIC_0061175,3
ISIC_0056325,1
ISIC_0033218,3
ISIC_0032864,2
ISIC_0032869,8
ISIC_0064161,1
ISIC_0000066,1
ISIC_0072465,3
ISIC_0026673,2
ISIC_0072034,3
ISIC_0062917,4
ISIC_0068399,2
ISIC_0012549,2
ISIC_0027516,2
ISIC_0053636,2
ISIC_0026997,2
ISIC_0061344,3
ISIC_0032384,3
ISIC_0031838,2
ISIC_0027462,1
ISIC_0057029,3
ISIC_0000496,2
ISIC_0068919,1
ISIC_0067860,2
ISIC_0071266,3
ISIC_0060807,4
ISIC_0070617,5
ISIC_0064493,2
ISIC_0033951,2
ISIC_0066137,3
ISIC_0066925,2
ISIC_0072559,3
ISIC_0000543,2
ISIC_0025586,2
ISIC_0067108,2
ISIC_0002647,2
ISIC_0000351,2
ISIC_0024898,2
ISIC_0067063,3
ISIC_0033163,2
ISIC_0072424,5
ISIC_0058197,2
ISIC_0031985,2
ISIC_0055400,5
ISIC_0013865,1
ISIC_0031227,2
ISIC_0068655,2
ISIC_0058020,1
ISIC_0028906,2
ISIC_0024820,2
ISIC_0061493,6
ISIC_0062159,4
ISIC_0033491,5
ISIC_0072176,3
ISIC_0033841,2
ISIC_0032323,2
ISIC_0025352,8
ISIC_0029922,2
ISIC_0026994,2
ISIC_0027304,2
ISIC_0026000,2
ISIC_0032479,2
ISIC_0033381,2
ISIC_0065422,3
ISIC_0013876,2
ISIC_0015485,2
ISIC_0011366,2
ISIC_0071193,1
ISIC_0027628,2
ISIC_0030268,1
ISIC_0066217,1
ISIC_0028434,2
ISIC_0072444,2
ISIC_0025194,2
ISIC_0067436,2
ISIC_0025854,2
ISIC_0072405,1
ISIC_0058895,2
ISIC_0062065,2
ISIC_0028882,2
ISIC_0032133,2
ISIC_0067605,3
ISIC_0031125,2
ISIC_0063382,4
ISIC_0031312,2
ISIC_0060337,4
ISIC_0057681,1
ISIC_0071924,2
ISIC_0060939,2
ISIC_0032160,2
ISIC_0070673,3
ISIC_0072528,2
ISIC_0066256,5
ISIC_0056712,2
ISIC_0070831,3
ISIC_0059913,1
ISIC_0025402,1
ISIC_0000326,2
ISIC_0013695,2
ISIC_0059024,2
ISIC_0026259,2
ISIC_0061022,3
ISIC_0024307,2
ISIC_0053983,1
ISIC_0026659,2
ISIC_0031704,2
ISIC_0055840,2
ISIC_0068303,5
ISIC_0068886,1
ISIC_0062534,2
ISIC_0072523,1
ISIC_0031460,2
ISIC_0068004,3
ISIC_0062805,5
ISIC_0024778,2
ISIC_0028533,2
ISIC_0070197,3
ISIC_0054502,1
ISIC_0025813,2
ISIC_0064468,1
ISIC_0056521,8
ISIC_0010371,2
ISIC_0012460,2
ISIC_0058835,2
ISIC_0012095,2
ISIC_0056190,1
ISIC_0061595,1
ISIC_0058487,3
ISIC_0060317,2
ISIC_0068344,2
ISIC_0015987,5
ISIC_0032161,2
ISIC_0067318,1
ISIC_0032964,2
ISIC_0032834,3
ISIC_0071759,5
ISIC_0008236,5
ISIC_0030663,2
ISIC_0027404,2
ISIC_0030145,3
ISIC_0031016,5
ISIC_0054783,2
ISIC_0013803,2
ISIC_0068203,1
ISIC_0058840,1
ISIC_0030066,2
ISIC_0062087,5
ISIC_0029957,2
ISIC_0027337,3
ISIC_0059999,2
ISIC_0054729,2
ISIC_0061533,1
ISIC_0032439,3
ISIC_0071580,1
ISIC_0029595,2
ISIC_0063007,3
ISIC_0056523,5
ISIC_0012786,5
ISIC_0067455,1
ISIC_0025468,2
ISIC_0060671,1
ISIC_0033343,7
ISIC_0025106,2
ISIC_0063191,1
ISIC_0056916,3
ISIC_0031584,2
ISIC_0009884,2
ISIC_0067807,7
ISIC_0025491,5
ISIC_0073198,4
ISIC_0024962,5
ISIC_0027032,2
ISIC_0014633,5
ISIC_0034285,2
ISIC_0029650,2
ISIC_0034309,2
ISIC_0026631,5
ISIC_0061698,5
ISIC_0027102,1
ISIC_0060677,5
ISIC_0031520,2
ISIC_0011129,2
ISIC_0065022,3
ISIC_0059975,5
ISIC_0031686,5
ISIC_0027899,2
ISIC_0030388,6
ISIC_0056058,3
ISIC_0024880,5
ISIC_0063728,4
ISIC_0010227,2
ISIC_0063352,5
ISIC_0061057,1
ISIC_0027282,2
ISIC_0027485,2
ISIC_0058524,5
ISIC_0066641,4
ISIC_0025297,5
ISIC_0000113,2
ISIC_0059946,3
ISIC_0068046,2
ISIC_0063439,2
ISIC_0028698,2
ISIC_0027187,5
ISIC_0067449,1
ISIC_0013687,2
ISIC_0033917,2
ISIC_0068956,8
ISIC_0027250,2
ISIC_0027287,1
ISIC_0028722,2
ISIC_0064265,1
ISIC_0064540,2
ISIC_0072138,2
ISIC_0033110,2
ISIC_0033680,1
ISIC_0056872,2
ISIC_0057312,2
ISIC_0027042,5
ISIC_0070907,1
ISIC_0028487,2
ISIC_0010216,2
ISIC_0010342,2
ISIC_0061610,5
ISIC_0028106,3
ISIC_0057651,2
ISIC_0068186,3
ISIC_0028478,2
ISIC_0034005,2
ISIC_0027385,7
ISIC_0056193,2
ISIC_0031318,3
ISIC_0031887,2
ISIC_0014178,2
ISIC_0032787,2
ISIC_0058884,3
ISIC_0069934,3
ISIC_0061020,3
ISIC_0071200,2
ISIC_0056487,1
ISIC_0070774,2
ISIC_0025513,3
ISIC_0057834,4
ISIC_0000156,1
ISIC_0031052,2
ISIC_0028786,2
ISIC_0062684,5
ISIC_0028844,2
ISIC_0031305,2
ISIC_0057803,5
ISIC_0063614,3
ISIC_0057539,1
ISIC_0027821,1
ISIC_0072603,3
ISIC_0062726,2
ISIC_0069209,3
ISIC_0066848,1
ISIC_0027862,2
ISIC_0026227,2
ISIC_0015102,2
ISIC_0029196,2
ISIC_0025410,2
ISIC_0027630,2
ISIC_0058893,4
ISIC_0033854,2
ISIC_0032144,2
ISIC_0056905,4
ISIC_0067149,2
ISIC_0069924,1
ISIC_0031215,5
ISIC_0070047,1
ISIC_0064638,4
ISIC_0011127,2
ISIC_0031548,2
ISIC_0062515,1
ISIC_0034183,2
ISIC_0027394,4
ISIC_0066495,2
ISIC_0064684,1
ISIC_0033201,5
ISIC_0065503,7
ISIC_0014372,2
ISIC_0060245,2
ISIC_0030816,2
ISIC_0056518,2
ISIC_0056484,1
ISIC_0034313,1
ISIC_0031879,2
ISIC_0016011,5
ISIC_0028596,2
ISIC_0024344,2
ISIC_0072579,2
ISIC_0054552,1
ISIC_0060703,1
ISIC_0069743,1
ISIC_0011357,2
ISIC_0054462,5
ISIC_0054761,5
ISIC_0062702,2
ISIC_0070027,3
ISIC_0028159,2
ISIC_0058392,3
ISIC_0069267,1
ISIC_0057902,1
ISIC_0033579,3
ISIC_0029626,2
ISIC_0063683,2
ISIC_0057872,2
ISIC_0070271,2
ISIC_0072083,2
ISIC_0025589,1
ISIC_0027443,2
ISIC_0034117,1
ISIC_0066692,2
ISIC_0058770,1
ISIC_0032239,2
ISIC_0059228,3
ISIC_0070281,2
ISIC_0071739,2
ISIC_0065703,3
ISIC_0000243,2
ISIC_0024400,5
ISIC_0069853,5
ISIC_0029448,7
ISIC_0028305,2
ISIC_0056012,2
ISIC_0029158,2
ISIC_0058449,3
ISIC_0010064,2
ISIC_0054776,3
ISIC_0069364,2
ISIC_0065859,5
ISIC_0072666,3
ISIC_0071528,1
ISIC_0065516,1
ISIC_0013731,2
ISIC_0066349,1
ISIC_0063179,3
ISIC_0011101,2
ISIC_0068294,2
ISIC_0058690,3
ISIC_0030590,2
ISIC_0062025,2
ISIC_0069929,1
ISIC_0058443,5
ISIC_0027426,2
ISIC_0011120,2
ISIC_0014908,2
ISIC_0056528,2
ISIC_0015133,1
ISIC_0024826,2
ISIC_0058023,2
ISIC_0025666,2
ISIC_0030550,2
ISIC_0059393,3
ISIC_0058798,1
ISIC_0054050,1
ISIC_0071188,3
ISIC_0028612,2
ISIC_0000355,2
ISIC_0024896,2
ISIC_0067280,8
ISIC_0029520,5
ISIC_0062261,8
ISIC_0060859,3
ISIC_0068494,2
ISIC_0058103,4
ISIC_0058588,5
ISIC_0013035,3
ISIC_0031914,2
ISIC_0071071,7
ISIC_0070990,1
ISIC_0014149,5
ISIC_0010318,1
ISIC_0056582,5
ISIC_0065321,5
ISIC_0072047,3
ISIC_0028300,2
ISIC_0057998,3
ISIC_0072729,1
ISIC_0028394,2
ISIC_0055206,3
ISIC_0060098,3
ISIC_0014090,2
ISIC_0070643,8
ISIC_0014572,5
ISIC_0027029,2
ISIC_0066485,2
ISIC_0062935,1
ISIC_0033957,1
ISIC_0025317,1
ISIC_0014855,1
ISIC_0070913,4
ISIC_0013529,2
ISIC_0066820,3
ISIC_0014783,2
ISIC_0066872,2
ISIC_0059604,2
ISIC_0031106,2
ISIC_0027597,5
ISIC_0068553,2
ISIC_0059961,4
ISIC_0054398,2
ISIC_0034154,2
ISIC_0061511,3
ISIC_0069410,5
ISIC_0061209,3
ISIC_0031391,2
ISIC_0026406,2
ISIC_0012250,2
ISIC_0010372,2
ISIC_0015064,2
ISIC_0059008,2
ISIC_0027786,3
ISIC_0060850,8
ISIC_0067389,2
ISIC_0072871,3
ISIC_0056459,4
ISIC_0011102,2
ISIC_0072017,2
ISIC_0062742,3
ISIC_0068338,6
ISIC_0071101,2
ISIC_0012272,2
ISIC_0014382,5
ISIC_0066130,2
ISIC_0031760,2
ISIC_0072454,1
ISIC_0029257,1
ISIC_0031406,2
ISIC_0026006,2
ISIC_0058687,3
ISIC_0066595,3
ISIC_0031917,2
ISIC_0032918,4
ISIC_0059017,3
ISIC_0071090,3
ISIC_0071797,1
ISIC_0031947,2
ISIC_0068508,1
ISIC_0064212,1
ISIC_0033082,2
ISIC_0014836,2
ISIC_0066414,3
ISIC_0071848,2
ISIC_0027739,5
ISIC_0014263,2
ISIC_0026201,2
ISIC_0071906,1
ISIC_0025282,2
ISIC_0066637,2
ISIC_0031764,2
ISIC_0067993,3
ISIC_0060694,2
ISIC_0054305,2
ISIC_0069740,2
ISIC_0011124,2
ISIC_0026550,2
ISIC_0070317,2
ISIC_0010244,3
ISIC_0024450,8
ISIC_0062660,2
ISIC_0032883,1
ISIC_0029537,2
ISIC_0058807,2
ISIC_0056778,2
ISIC_0070681,5
ISIC_0015544,2
ISIC_0030347,2
ISIC_0063313,2
ISIC_0066834,3
ISIC_0024935,5
ISIC_0069805,5
ISIC_0070816,1
ISIC_0071485,2
ISIC_0062948,1
ISIC_0012356,4
ISIC_0056073,4
ISIC_0055483,3
ISIC_0026200,2
ISIC_0062908,1
ISIC_0013385,2
ISIC_0070519,2
ISIC_0054256,2
ISIC_0011341,2
ISIC_0027861,5
ISIC_0072105,3
ISIC_0062661,1
ISIC_0058924,4
ISIC_0054537,2
ISIC_0061336,4
ISIC_0033954,2
ISIC_0025865,2
ISIC_0068032,3
ISIC_0013966,3
ISIC_0027512,2
ISIC_0054417,2
ISIC_0065191,1
ISIC_0065473,2
ISIC_0029984,2
ISIC_0056988,1
ISIC_0065901,5
ISIC_0055636,4
ISIC_0067100,4
ISIC_0064605,3
ISIC_0028699,6
ISIC_0064108,2
ISIC_0024749,2
ISIC_0027723,2
ISIC_0055111,3
ISIC_0030057,2
ISIC_0070217,2
ISIC_0031324,2
ISIC_0028207,2
ISIC_0027021,8
ISIC_0072759,3
ISIC_0065294,1
ISIC_0030968,2
ISIC_0063371,5
ISIC_0071140,5
ISIC_0069319,3
ISIC_0054658,3
ISIC_0024425,2
ISIC_0010474,2
ISIC_0025761,2
ISIC_0070701,4
ISIC_0025915,5
ISIC_0071041,5
ISIC_0031991,5
ISIC_0054414,2
ISIC_0067995,1
ISIC_0033995,1
ISIC_0033306,4
ISIC_0028354,1
ISIC_0033093,2
ISIC_0053929,2
ISIC_0030996,2
ISIC_0013488,1
ISIC_0013670,2
ISIC_0029031,3
ISIC_0069460,4
ISIC_0024406,1
ISIC_0056100,3
ISIC_0028143,2
ISIC_0069298,1
ISIC_0061612,2
ISIC_0032720,2
ISIC_0028316,3
ISIC_0011304,2
ISIC_0025286,2
ISIC_0029339,2
ISIC_0034160,6
ISIC_0030945,5
ISIC_0028270,2
ISIC_0062231,3
ISIC_0057978,8
ISIC_0000082,2
ISIC_0059770,1
ISIC_0024441,2
ISIC_0025580,2
ISIC_0063804,2
ISIC_0055667,6
ISIC_0034257,2
ISIC_0054704,2
ISIC_0059737,2
ISIC_0024474,2
ISIC_0065229,1
ISIC_0028864,2
ISIC_0071623,2
ISIC_0062265,2
ISIC_0071292,3
ISIC_0025564,8
ISIC_0027813,2
ISIC_0032272,2
ISIC_0014617,4
ISIC_0060163,1
ISIC_0054684,3
ISIC_0056177,3
ISIC_0000279,1
ISIC_0054674,3
ISIC_0055069,2
ISIC_0070787,1
ISIC_0010185,2
ISIC_0030394,5
ISIC_0032117,2
ISIC_0025607,2
ISIC_0059869,1
ISIC_0065041,3
ISIC_0027340,2
ISIC_0070092,1
ISIC_0024650,2
ISIC_0028017,2
ISIC_0070652,3
ISIC_0061749,2
ISIC_0071535,4
ISIC_0072123,2
ISIC_0030120,2
ISIC_0072822,2
ISIC_0067429,3
ISIC_0032534,5
ISIC_0030666,2
ISIC_0055359,2
ISIC_0056130,7
ISIC_0062218,4
ISIC_0055906,2
ISIC_0000119,2
ISIC_0013797,2
ISIC_0059938,1
ISIC_0064151,8
ISIC_0031556,5
ISIC_0064699,3
ISIC_0056525,5
ISIC_0027558,5
ISIC_0032073,5
ISIC_0026975,2
ISIC_0030412,2
ISIC_0065249,3
ISIC_0032815,2
ISIC_0008998,2
ISIC_0053521,2
ISIC_0055955,2
ISIC_0014162,3
ISIC_0066051,3
ISIC_0012148,2
ISIC_0030402,2
ISIC_0068676,1
ISIC_0032596,2
ISIC_0062601,3
ISIC_0064315,2
ISIC_0068782,1
ISIC_0033165,2
ISIC_0031340,2
ISIC_0069648,1
ISIC_0073077,2
ISIC_0061947,4
ISIC_0067810,2
ISIC_0069381,1
ISIC_0053816,1
ISIC_0056178,1
ISIC_0026658,2
ISIC_0033016,1
ISIC_0054586,2
ISIC_0011214,2
ISIC_0028895,2
ISIC_0057947,1
ISIC_0053918,2
ISIC_0024641,2
ISIC_0063123,1
ISIC_0030933,2
ISIC_0014925,2
ISIC_0062892,2
ISIC_0027909,2
ISIC_0065125,4
ISIC_0068673,5
ISIC_0063124,2
ISIC_0066654,3
ISIC_0068724,4
ISIC_0066990,4
ISIC_0033814,1
ISIC_0029292,2
ISIC_0032320,2
ISIC_0027328,5
ISIC_0055354,2
ISIC_0067557,1
ISIC_0072774,2
ISIC_0032833,2
ISIC_0062724,1
ISIC_0029482,2
ISIC_0025477,2
ISIC_0071149,2
ISIC_0031896,2
ISIC_0012696,3
ISIC_0056696,3
ISIC_0033797,2
ISIC_0033871,2
ISIC_0063609,2
ISIC_0030650,2
ISIC_0060341,5
ISIC_0025368,4
ISIC_0033485,2
ISIC_0033413,4
ISIC_0065043,2
ISIC_0028079,3
ISIC_0054221,2
ISIC_0069303,3
ISIC_0070379,3
ISIC_0070843,3
ISIC_0015241,2
ISIC_0032165,2
ISIC_0066237,1
ISIC_0026246,2
ISIC_0031990,2
ISIC_0033377,2
ISIC_0068716,3
ISIC_0027264,2
ISIC_0054865,1
ISIC_0067598,2
ISIC_0059267,5
ISIC_0067272,5
ISIC_0030507,5
ISIC_0061580,2
ISIC_0031702,2
ISIC_0054329,1
ISIC_0057070,2
ISIC_0027052,2
ISIC_0030227,2
ISIC_0032435,2
ISIC_0030082,1
ISIC_0066917,3
ISIC_0026611,5
ISIC_0056406,1
ISIC_0064233,3
ISIC_0028126,2
ISIC_0055315,2
ISIC_0054640,7
ISIC_0069332,3
ISIC_0065751,5
ISIC_0015938,2
ISIC_0027725,2
ISIC_0028554,2
ISIC_0033167,1
ISIC_0030786,3
ISIC_0054589,3
ISIC_0029098,2
ISIC_0029521,2
ISIC_0027440,2
ISIC_0032006,5
ISIC_0024964,2
ISIC_0059706,3
ISIC_0024556,2
ISIC_0032123,5
ISIC_0063761,2
ISIC_0067453,2
ISIC_0061577,4
ISIC_0031366,1
ISIC_0029011,2
ISIC_0027853,2
ISIC_0068119,1
ISIC_0033932,2
ISIC_0058722,3
ISIC_0055949,2
ISIC_0059877,3
ISIC_0012693,2
ISIC_0068778,1
ISIC_0070956,1
ISIC_0062547,5
ISIC_0067719,1
ISIC_0028065,2
ISIC_0063546,3
ISIC_0070785,4
ISIC_0033497,2
ISIC_0030093,1
ISIC_0061293,1
ISIC_0069666,2
ISIC_0032469,2
ISIC_0055775,3
ISIC_0069264,1
ISIC_0026235,2
ISIC_0067645,2
ISIC_0013096,2
ISIC_0069334,2
ISIC_0030966,2
ISIC_0027475,2
ISIC_0065051,3
ISIC_0014291,4
ISIC_0030361,2
ISIC_0059990,2
ISIC_0032309,2
ISIC_0028560,5
ISIC_0030567,2
ISIC_0028480,5
ISIC_0063318,1
ISIC_0060320,3
ISIC_0034021,2
ISIC_0070226,2
ISIC_0053601,3
ISIC_0058974,5
ISIC_0026262,5
ISIC_0062387,8
ISIC_0069686,3
ISIC_0030534,2
ISIC_0056104,2
ISIC_0015537,1
ISIC_0028225,2
ISIC_0067647,8
ISIC_0057254,5
ISIC_0057578,2
ISIC_0060601,2
ISIC_0066338,2
ISIC_0072214,2
ISIC_0054722,3
ISIC_0066223,2
ISIC_0064189,4
ISIC_0066687,1
ISIC_0027183,2
ISIC_0028195,2
ISIC_0066381,3
ISIC_0030153,2
ISIC_0033918,2
ISIC_0061899,1
ISIC_0025396,1
ISIC_0060111,2
ISIC_0027494,2
ISIC_0066279,1
ISIC_0072885,2
ISIC_0010184,2
ISIC_0059074,1
ISIC_0072514,3
ISIC_0065486,1
ISIC_0063726,3
ISIC_0060556,1
ISIC_0053660,5
ISIC_0053812,1
ISIC_0030582,2
ISIC_0059018,2
ISIC_0070392,2
ISIC_0060660,1
ISIC_0066053,3
ISIC_0011095,2
ISIC_0024437,2
ISIC_0027490,2
ISIC_0054735,3
ISIC_0010605,3
ISIC_0000368,2
ISIC_0062756,1
ISIC_0070356,7
ISIC_0031033,2
ISIC_0029760,2
ISIC_0072363,1
ISIC_0032701,2
ISIC_0027280,2
ISIC_0031746,2
ISIC_0054423,5
ISIC_0062825,3
ISIC_0053843,5
ISIC_0072170,2
ISIC_0057272,5
ISIC_0062688,5
ISIC_0014360,1
ISIC_0056436,1
ISIC_0031304,1
ISIC_0054647,3
ISIC_0032651,2
ISIC_0025872,2
ISIC_0056493,8
ISIC_0069545,2
ISIC_0054523,1
ISIC_0027222,2
ISIC_0027617,2
ISIC_0031912,2
ISIC_0027131,2
ISIC_0034273,2
ISIC_0055455,3
ISIC_0070942,3
ISIC_0053718,3
ISIC_0025900,2
ISIC_0069205,2
ISIC_0000301,1
ISIC_0027012,6
ISIC_0014919,2
ISIC_0067983,3
ISIC_0025791,2
ISIC_0058348,3
ISIC_0064916,2
ISIC_0028981,1
ISIC_0068281,7
ISIC_0065832,5
ISIC_0060081,3
ISIC_0067394,4
ISIC_0033284,2
ISIC_0066541,3
ISIC_0032230,4
ISIC_0031981,2
ISIC_0026558,2
ISIC_0014904,2
ISIC_0055249,1
ISIC_0059333,1
ISIC_0054569,3
ISIC_0034051,7
ISIC_0014714,1
ISIC_0029834,2
ISIC_0028093,2
ISIC_0033527,2
ISIC_0034184,2
ISIC_0030051,2
ISIC_0033323,2
ISIC_0065201,1
ISIC_0031051,2
ISIC_0067697,1
ISIC_0067491,3
ISIC_0014473,2
ISIC_0063688,2
ISIC_0062555,3
ISIC_0058856,1
ISIC_0033074,2
ISIC_0000524,2
ISIC_0033709,3
ISIC_0024716,2
ISIC_0030555,6
ISIC_0010592,2
ISIC_0060469,2
ISIC_0026507,2
ISIC_0033863,2
ISIC_0060406,1
ISIC_0061827,2
ISIC_0024723,2
ISIC_0069619,5
ISIC_0058069,3
ISIC_0031262,2
ISIC_0033049,2
ISIC_0053533,6
ISIC_0033475,2
ISIC_0056164,2
ISIC_0010317,2
ISIC_0033250,2
ISIC_0062807,5
ISIC_0028580,2
ISIC_0009963,2
ISIC_0055325,3
ISIC_0025461,2
ISIC_0053928,3
ISIC_0024495,2
ISIC_0026441,5
ISIC_0066002,6
ISIC_0031580,2
ISIC_0030360,5
ISIC_0058327,8
ISIC_0057336,3
ISIC_0029425,5
ISIC_0070661,3
ISIC_0024581,5
ISIC_0056124,1
ISIC_0059418,2
ISIC_0026078,2
ISIC_0013958,2
ISIC_0066098,1
ISIC_0029945,1
ISIC_0014876,2
ISIC_0073058,2
ISIC_0027498,2
ISIC_0028306,1
ISIC_0072861,4
ISIC_0025532,2
ISIC_0054353,3
ISIC_0060132,1
ISIC_0071422,3
ISIC_0026575,5
ISIC_0033611,5
ISIC_0031755,4
ISIC_0070502,2
ISIC_0054448,3
ISIC_0062616,2
ISIC_0072989,1
ISIC_0072806,2
ISIC_0054197,2
ISIC_0025852,2
ISIC_0012493,3
ISIC_0068556,4
ISIC_0031549,2
ISIC_0014045,5
ISIC_0010461,1
ISIC_0057077,4
ISIC_0069969,2
ISIC_0059217,3
ISIC_0001247,2
ISIC_0027478,3
ISIC_0010002,7
ISIC_0063184,2
ISIC_0069181,5
ISIC_0014722,3
ISIC_0009971,1
ISIC_0027976,3
ISIC_0025358,8
ISIC_0053628,1
ISIC_0026525,4
ISIC_0054623,3
ISIC_0031434,2
ISIC_0055706,3
ISIC_0064961,2
ISIC_0059077,4
ISIC_0054871,2
ISIC_0032471,2
ISIC_0030480,2
ISIC_0026155,2
ISIC_0024686,2
ISIC_0057517,5
ISIC_0024728,2
ISIC_0054346,3
ISIC_0013691,3
ISIC_0059187,2
ISIC_0060844,1
ISIC_0065070,5
ISIC_0014636,5
ISIC_0032633,2
ISIC_0061971,1
ISIC_0030980,1
ISIC_0062536,1
ISIC_0001106,2
ISIC_0055799,5
ISIC_0063364,1
ISIC_0058087,1
ISIC_0001367,2
ISIC_0062701,3
ISIC_0029029,5
ISIC_0031815,2
ISIC_0066988,3
ISIC_0064153,2
ISIC_0024668,2
ISIC_0000211,2
ISIC_0071669,3
ISIC_0011336,2
ISIC_0000145,1
ISIC_0025972,5
ISIC_0014830,2
ISIC_0063587,2
ISIC_0025392,5
ISIC_0061410,4
ISIC_0060559,1
ISIC_0060358,1
ISIC_0025289,2
ISIC_0027594,2
ISIC_0032324,2
ISIC_0031343,2
ISIC_0064794,2
ISIC_0000539,2
ISIC_0030080,8
ISIC_0013359,1
ISIC_0030580,5
ISIC_0062084,1
ISIC_0025138,2
ISIC_0030812,3
ISIC_0015510,2
ISIC_0073225,4
ISIC_0034207,1
ISIC_0062581,3
ISIC_0031181,4
ISIC_0025128,2
ISIC_0027829,4
ISIC_0057523,3
ISIC_0064507,1
ISIC_0032981,1
ISIC_0029397,2
ISIC_0057652,2
ISIC_0026683,2
ISIC_0062635,2
ISIC_0066593,2
ISIC_0033507,1
ISIC_0029225,2
ISIC_0070038,2
ISIC_0071024,7
ISIC_0059738,1
ISIC_0000249,1
ISIC_0061674,7
ISIC_0070086,4
ISIC_0055612,2
ISIC_0054119,3
ISIC_0030951,2
ISIC_0034198,1
ISIC_0026828,2
ISIC_0057797,3
ISIC_0027921,2
ISIC_0066835,2
ISIC_0031691,5
ISIC_0028313,2
ISIC_0069189,2
ISIC_0062117,8
ISIC_0034226,2
ISIC_0024846,1
ISIC_0067955,2
ISIC_0062915,3
ISIC_0013213,5
ISIC_0058230,1
ISIC_0055323,3
ISIC_0063471,1
ISIC_0054023,2
ISIC_0064942,5
ISIC_0027644,5
ISIC_0059678,5
ISIC_0025394,1
ISIC_0063782,3
ISIC_0026203,2
ISIC_0013527,7
ISIC_0069867,3
ISIC_0063608,2
ISIC_0055608,2
ISIC_0072595,2
ISIC_0028572,2
ISIC_0014574,5
ISIC_0033991,7
ISIC_0025820,2
ISIC_0024548,2
ISIC_0069235,4
ISIC_0064694,1
ISIC_0029306,2
ISIC_0027182,2
ISIC_0065881,2
ISIC_0054749,2
ISIC_0025175,2
ISIC_0029140,2
ISIC_0032829,5
ISIC_0055968,2
ISIC_0059996,3
ISIC_0026837,2
ISIC_0025487,2
ISIC_0026698,2
ISIC_0026587,2
ISIC_0026557,2
ISIC_0061121,4
ISIC_0032101,2
ISIC_0070963,2
ISIC_0028249,2
ISIC_0033672,2
ISIC_0053894,1
ISIC_0000350,2
ISIC_0026593,3
ISIC_0027781,5
ISIC_0058785,1
ISIC_0025842,5
ISIC_0062718,2
ISIC_0013530,1
ISIC_0064820,2
ISIC_0068360,5
ISIC_0029217,5
ISIC_0056327,2
ISIC_0030892,3
ISIC_0058940,4
ISIC_0067512,3
ISIC_0027783,2
ISIC_0031235,2
ISIC_0055233,5
ISIC_0069673,3
ISIC_0032732,5
ISIC_0054286,2
ISIC_0071322,2
ISIC_0025078,2
ISIC_0063076,5
ISIC_0070805,1
ISIC_0033053,2
ISIC_0026197,2
ISIC_0056497,3
ISIC_0069428,8
ISIC_0067199,2
ISIC_0067501,5
ISIC_0033017,1
ISIC_0053734,1
ISIC_0066588,1
ISIC_0025993,2
ISIC_0031586,1
ISIC_0070999,3
ISIC_0031715,2
ISIC_0033980,5
ISIC_0030858,2
ISIC_0030341,8
ISIC_0030673,2
ISIC_0060768,5
ISIC_0072650,2
ISIC_0056016,4
ISIC_0027635,2
ISIC_0059994,3
ISIC_0069971,3
ISIC_0012227,5
ISIC_0068932,1
ISIC_0069756,2
ISIC_0025545,2
ISIC_0030929,1
ISIC_0059760,3
ISIC_0029619,2
ISIC_0053511,3
ISIC_0011310,2
ISIC_0061745,2
ISIC_0029566,2
ISIC_0026379,2
ISIC_0033970,2
ISIC_0000268,4
ISIC_0055081,4
ISIC_0025014,2
ISIC_0056293,3
ISIC_0033001,3
ISIC_0054917,4
ISIC_0016007,2
ISIC_0027741,2
ISIC_0025793,3
ISIC_0012364,5
ISIC_0033378,5
ISIC_0030241,5
ISIC_0028255,2
ISIC_0029823,2
ISIC_0030139,2
ISIC_0073079,3
ISIC_0071197,1
ISIC_0066012,3
ISIC_0025162,5
ISIC_0032613,6
ISIC_0061852,2
ISIC_0070104,2
ISIC_0053769,4
ISIC_0059066,1
ISIC_0028609,2
ISIC_0026154,3
ISIC_0029647,3
ISIC_0024908,2
ISIC_0065342,2
ISIC_0015233,5
ISIC_0058173,1
ISIC_0032578,2
ISIC_0013626,3
ISIC_0028755,5
ISIC_0062015,3
ISIC_0013799,2
ISIC_0062951,8
ISIC_0032994,2
ISIC_0055566,4
ISIC_0028154,7
ISIC_0059546,3
ISIC_0000433,1
ISIC_0067009,1
ISIC_0070207,1
ISIC_0014931,1
ISIC_0066934,2
ISIC_0055474,4
ISIC_0012974,5
ISIC_0025633,1
ISIC_0072635,2
ISIC_0070169,3
ISIC_0030389,2
ISIC_0013592,2
ISIC_0060467,3
ISIC_0064200,3
ISIC_0053980,8
ISIC_0026929,2
ISIC_0012897,5
ISIC_0060659,1
ISIC_0028701,5
ISIC_0013712,1
ISIC_0057207,2
ISIC_0068232,4
ISIC_0029336,2
ISIC_0062496,4
ISIC_0058883,4
ISIC_0060873,1
ISIC_0072313,4
ISIC_0070165,3
ISIC_0026707,5
ISIC_0064134,2
ISIC_0067163,3
ISIC_0030874,2
ISIC_0013817,5
ISIC_0064149,3
ISIC_0068939,2
ISIC_0058657,1
ISIC_0028353,5
ISIC_0059577,3
ISIC_0028637,1
ISIC_0059314,1
ISIC_0031210,2
ISIC_0013248,2
ISIC_0072239,3
ISIC_0033047,1
ISIC_0010848,3
ISIC_0053692,3
ISIC_0072623,3
ISIC_0016066,2
ISIC_0054629,6
ISIC_0032071,2
ISIC_0028652,3
ISIC_0024603,2
ISIC_0061169,2
ISIC_0061294,8
ISIC_0055724,3
ISIC_0063488,1
ISIC_0029607,2
ISIC_0026816,1
ISIC_0055903,1
ISIC_0071354,2
ISIC_0068221,1
ISIC_0013678,1
ISIC_0057455,4
ISIC_0027422,2
ISIC_0058459,4
ISIC_0055460,1
ISIC_0068545,1
ISIC_0065173,1
ISIC_0061044,4
ISIC_0056255,3
ISIC_0066009,3
ISIC_0030058,2
ISIC_0028927,2
ISIC_0024496,1
ISIC_0072652,4
ISIC_0028595,2
ISIC_0030085,2
ISIC_0066151,2
ISIC_0067423,5
ISIC_0028155,2
ISIC_0064423,1
ISIC_0024918,2
ISIC_0064460,3
ISIC_0025419,5
ISIC_0061883,3
ISIC_0059562,2
ISIC_0030016,2
ISIC_0029693,2
ISIC_0058950,2
ISIC_0030239,2
ISIC_0028765,3
ISIC_0063777,2
ISIC_0066068,2
ISIC_0032758,2
ISIC_0057786,3
ISIC_0030558,2
ISIC_0026198,2
ISIC_0056725,1
ISIC_0025098,2
ISIC_0029820,3
ISIC_0064887,1
ISIC_0028716,2
ISIC_0065264,3
ISIC_0026641,2
ISIC_0067002,2
ISIC_0054869,2
ISIC_0032336,2
ISIC_0030090,2
ISIC_0067305,3
ISIC_0070451,2
ISIC_0026263,8
ISIC_0071671,1
ISIC_0062340,1
ISIC_0030518,2
ISIC_0012814,5
ISIC_0071105,2
ISIC_0030068,2
ISIC_0069040,2
ISIC_0029784,5
ISIC_0071078,1
ISIC_0073246,3
ISIC_0073240,2
ISIC_0059424,1
ISIC_0057339,2
ISIC_0030364,2
ISIC_0032044,1
ISIC_0058163,3
ISIC_0060937,2
ISIC_0032362,2
ISIC_0009874,2
ISIC_0032823,1
ISIC_0072139,3
ISIC_0067159,4
ISIC_0027309,2
ISIC_0054476,2
ISIC_0010046,2
ISIC_0030767,3
ISIC_0031918,8
ISIC_0027324,6
ISIC_0032307,3
ISIC_0072361,1
ISIC_0000130,2
ISIC_0067655,1
ISIC_0072599,3
ISIC_0065601,2
ISIC_0012224,2
ISIC_0054209,4
ISIC_0025304,2
ISIC_0000038,1
ISIC_0012382,1
ISIC_0033222,2
ISIC_0026380,2
ISIC_0054738,2
ISIC_0032264,2
ISIC_0000306,2
ISIC_0026634,5
ISIC_0062033,3
ISIC_0030489,2
ISIC_0031545,1
ISIC_0033158,7
ISIC_0030512,2
ISIC_0059385,2
ISIC_0071233,3
ISIC_0028578,2
ISIC_0062185,2
ISIC_0029658,2
ISIC_0032958,3
ISIC_0063173,2
ISIC_0066390,1
ISIC_0063231,3
ISIC_0062388,2
ISIC_0030636,5
ISIC_0068628,1
ISIC_0056663,1
ISIC_0068048,1
ISIC_0067432,3
ISIC_0027412,2
ISIC_0013702,2
ISIC_0025422,2
ISIC_0025305,2
ISIC_0063603,1
ISIC_0029698,2
ISIC_0069206,2
ISIC_0057500,3
ISIC_0071602,2
ISIC_0013584,5
ISIC_0070688,5
ISIC_0062401,1
ISIC_0025028,2
ISIC_0033152,2
ISIC_0069738,2
ISIC_0068489,2
ISIC_0029091,2
ISIC_0069043,1
ISIC_0068555,1
ISIC_0010170,5
ISIC_0060762,1
ISIC_0073091,3
ISIC_0063167,3
ISIC_0028138,2
ISIC_0031064,2
ISIC_0073016,1
ISIC_0028244,2
ISIC_0028747,3
ISIC_0067409,3
ISIC_0054716,5
ISIC_0028203,2
ISIC_0030733,3
ISIC_0014782,2
ISIC_0063416,3
ISIC_0060304,2
ISIC_0059713,2
ISIC_0057055,2
ISIC_0067845,3
ISIC_0062247,5
ISIC_0057790,2
ISIC_0057100,2
ISIC_0060709,2
ISIC_0066701,2
ISIC_0013055,2
ISIC_0056743,1
ISIC_0054878,4
ISIC_0030716,2
ISIC_0064324,3
ISIC_0068575,5
ISIC_0030954,2
ISIC_0029751,2
ISIC_0054956,2
ISIC_0033896,5
ISIC_0009944,2
ISIC_0030137,4
ISIC_0068818,1
ISIC_0062395,4
ISIC_0059682,3
ISIC_0071990,2
ISIC_0015972,7
ISIC_0057932,2
ISIC_0013244,2
ISIC_0061243,1
ISIC_0032190,5
ISIC_0063631,8
ISIC_0062920,1
ISIC_0027149,1
ISIC_0055966,2
ISIC_0033023,1
ISIC_0071218,5
ISIC_0065353,2
ISIC_0065872,1
ISIC_0061858,2
ISIC_0029240,2
ISIC_0065279,3
ISIC_0029743,2
ISIC_0056014,3
ISIC_0026998,2
ISIC_0069437,1
ISIC_0062243,2
ISIC_0014694,1
ISIC_0069213,5
ISIC_0033484,2
ISIC_0032821,2
ISIC_0068260,3
ISIC_0063322,1
ISIC_0031929,8
ISIC_0031233,5
ISIC_0029020,3
ISIC_0025489,2
ISIC_0057996,3
ISIC_0055507,2
ISIC_0032476,5
ISIC_0025991,2
ISIC_0033614,2
ISIC_0071013,1
ISIC_0025473,2
ISIC_0025234,7
ISIC_0061672,2
ISIC_0070140,1
ISIC_0058741,8
ISIC_0015981,1
ISIC_0063980,1
ISIC_0025114,2
ISIC_0024458,2
ISIC_0025833,2
ISIC_0026427,2
ISIC_0027203,5
ISIC_0056854,5
ISIC_0033113,2
ISIC_0025593,2
ISIC_0033015,4
ISIC_0030395,2
ISIC_0027881,2
ISIC_0057112,3
ISIC_0064656,2
ISIC_0070061,1
ISIC_0027587,2
ISIC_0025269,2
ISIC_0057749,2
ISIC_0065982,2
ISIC_0070129,2
ISIC_0032436,2
ISIC_0073249,1
ISIC_0071399,1
ISIC_0063582,1
ISIC_0027895,2
ISIC_0029807,2
ISIC_0014666,1
ISIC_0031603,2
ISIC_0059148,1
ISIC_0067964,2
ISIC_0058746,2
ISIC_0056643,4
ISIC_0009430,2
ISIC_0011387,2
ISIC_0024767,3
ISIC_0010038,5
ISIC_0058158,3
ISIC_0069875,5
ISIC_0032522,1
ISIC_0068630,2
ISIC_0024909,5
ISIC_0013664,4
ISIC_0067382,7
ISIC_0059765,8
ISIC_0031980,5
ISIC_0069120,4
ISIC_0071864,3
ISIC_0028280,1
ISIC_0065132,1
ISIC_0012127,2
ISIC_0033408,2
ISIC_0060258,2
ISIC_0024886,2
ISIC_0029330,2
ISIC_0027130,1
ISIC_0069987,1
ISIC_0060881,5
ISIC_0068204,2
ISIC_0065006,1
ISIC_0065133,1
ISIC_0062082,8
ISIC_0031201,7
ISIC_0071073,2
ISIC_0031359,2
ISIC_0024332,3
ISIC_0072491,2
ISIC_0058681,8
ISIC_0027664,2
ISIC_0029491,2
ISIC_0062752,3
ISIC_0059199,3
ISIC_0025057,2
ISIC_0029142,2
ISIC_0028800,2
ISIC_0033111,2
ISIC_0033625,2
ISIC_0031010,2
ISIC_0027192,3
ISIC_0024687,2
ISIC_0000182,2
ISIC_0029987,2
ISIC_0064529,8
ISIC_0027579,2
ISIC_0066518,1
ISIC_0027079,2
ISIC_0070817,3
ISIC_0027360,2
ISIC_0013208,2
ISIC_0071004,1
ISIC_0064349,1
ISIC_0009966,2
ISIC_0066454,2
ISIC_0057016,1
ISIC_0058360,2
ISIC_0070365,3
ISIC_0056292,4
ISIC_0054461,1
ISIC_0032637,1
ISIC_0063107,4
ISIC_0056555,2
ISIC_0028459,2
ISIC_0034302,2
ISIC_0058298,5
ISIC_0030456,2
ISIC_0024814,1
ISIC_0071106,2
ISIC_0054307,2
ISIC_0029479,1
ISIC_0026588,2
ISIC_0024449,1
ISIC_0054247,2
ISIC_0058808,2
ISIC_0014851,1
ISIC_0032545,7
ISIC_0056958,2
ISIC_0053507,2
ISIC_0059727,1
ISIC_0029608,7
ISIC_0026509,2
ISIC_0029729,2
ISIC_0062973,2
ISIC_0058658,1
ISIC_0026857,8
ISIC_0028218,1
ISIC_0026013,2
ISIC_0072086,1
ISIC_0032955,2
ISIC_0027202,5
ISIC_0054464,1
ISIC_0068341,2
ISIC_0064582,8
ISIC_0065463,1
ISIC_0060643,3
ISIC_0032417,5
ISIC_0025605,5
ISIC_0064709,5
ISIC_0060823,3
ISIC_0062435,2
ISIC_0033231,2
ISIC_0055064,8
ISIC_0028267,2
ISIC_0063477,3
ISIC_0063398,5
ISIC_0064858,7
ISIC_0000330,2
ISIC_0066295,2
ISIC_0033833,2
ISIC_0057439,4
ISIC_0012478,5
ISIC_0033352,2
ISIC_0057391,2
ISIC_0011164,2
ISIC_0070340,1
ISIC_0025346,2
ISIC_0012656,1
ISIC_0013643,2
ISIC_0031791,5
ISIC_0030444,2
ISIC_0014478,5
ISIC_0061549,1
ISIC_0000052,2
ISIC_0026735,1
ISIC_0028641,2
ISIC_0059952,8
ISIC_0029577,2
ISIC_0071327,1
ISIC_0025737,2
ISIC_0029501,5
ISIC_0060131,3
ISIC_0062473,3
ISIC_0031416,2
ISIC_0000018,2
ISIC_0024403,3
ISIC_0026493,5
ISIC_0034315,5
ISIC_0031031,5
ISIC_0060422,3
ISIC_0025699,1
ISIC_0024996,2
ISIC_0028012,2
ISIC_0004115,2
ISIC_0060854,1
ISIC_0028926,8
ISIC_0014594,5
ISIC_0027637,2
ISIC_0068001,2
ISIC_0025372,2
ISIC_0014148,5
ISIC_0030553,2
ISIC_0055536,1
ISIC_0071054,5
ISIC_0031098,2
ISIC_0034059,1
ISIC_0062682,3
ISIC_0057760,3
ISIC_0060657,3
ISIC_0013118,2
ISIC_0056257,2
ISIC_0030789,1
ISIC_0029125,2
ISIC_0069844,2
ISIC_0031158,2
ISIC_0069141,4
ISIC_0068768,1
ISIC_0060758,1
ISIC_0029443,2
ISIC_0058265,5
ISIC_0068597,3
ISIC_0069101,2
ISIC_0025940,8
ISIC_0027706,5
ISIC_0055412,1
ISIC_0067154,8
ISIC_0053783,3
ISIC_0064066,1
ISIC_0053456,5
ISIC_0034017,2
ISIC_0071887,5
ISIC_0027844,2
ISIC_0054933,4
ISIC_0055050,3
ISIC_0000014,2
ISIC_0030706,1
ISIC_0073126,5
ISIC_0029048,5
ISIC_0000166,1
ISIC_0000096,2
ISIC_0025700,4
ISIC_0033779,1
ISIC_0032149,5
ISIC_0032912,2
ISIC_0066921,1
ISIC_0057784,2
ISIC_0072251,3
ISIC_0000216,1
ISIC_0055647,3
ISIC_0061535,2
ISIC_0024439,2
ISIC_0030044,2
ISIC_0028848,2
ISIC_0060520,1
ISIC_0029574,8
ISIC_0026853,5
ISIC_0026139,5
ISIC_0027682,2
ISIC_0071599,3
ISIC_0063663,2
ISIC_0066914,1
ISIC_0060151,3
ISIC_0027920,3
ISIC_0064073,1
ISIC_0031341,2
ISIC_0030335,3
ISIC_0060595,1
ISIC_0033277,2
ISIC_0027051,2
ISIC_0014503,2
ISIC_0033443,2
ISIC_0054364,1
ISIC_0009906,2
ISIC_0031608,2
ISIC_0060370,3
ISIC_0071606,4
ISIC_0032948,2
ISIC_0059039,2
ISIC_0070248,1
ISIC_0033561,2
ISIC_0028455,2
ISIC_0058539,4
ISIC_0067089,3
ISIC_0030075,2
ISIC_0029100,5
ISIC_0028720,2
ISIC_0033136,2
ISIC_0010553,2
ISIC_0034239,1
ISIC_0033079,5
ISIC_0032416,2
ISIC_0030201,2
ISIC_0064050,2
ISIC_0030928,2
ISIC_0013793,2
ISIC_0070297,4
ISIC_0030819,1
ISIC_0061924,5
ISIC_0065308,3
ISIC_0026912,5
ISIC_0026616,2
ISIC_0028850,2
ISIC_0029714,2
ISIC_0011367,2
ISIC_0055942,3
ISIC_0027865,3
ISIC_0067927,1
ISIC_0071166,5
ISIC_0026585,2
ISIC_0024757,7
ISIC_0030956,7
ISIC_0015990,2
ISIC_0063116,2
ISIC_0030915,3
ISIC_0010491,8
ISIC_0066360,4
ISIC_0066089,5
ISIC_0065692,3
ISIC_0062114,2
ISIC_0055816,2
ISIC_0033236,2
ISIC_0030627,2
ISIC_0057722,1
ISIC_0032261,2
ISIC_0025777,5
ISIC_0053538,4
ISIC_0064337,2
ISIC_0072616,3
ISIC_0072807,3
ISIC_0064457,5
ISIC_0026881,2
ISIC_0058029,2
ISIC_0026927,4
ISIC_0027294,3
ISIC_0054743,2
ISIC_0032942,2
ISIC_0026883,2
ISIC_0059361,1
ISIC_0062899,3
ISIC_0032185,2
ISIC_0013346,2
ISIC_0032401,2
ISIC_0059421,2
ISIC_0024780,2
ISIC_0009934,8
ISIC_0064116,2
ISIC_0070301,3
ISIC_0061988,8
ISIC_0060141,1
ISIC_0063732,1
ISIC_0031561,6
ISIC_0063100,4
ISIC_0025292,5
ISIC_0013034,5
ISIC_0066406,3
ISIC_0027900,2
ISIC_0014697,1
ISIC_0025647,2
ISIC_0027420,2
ISIC_0029891,3
ISIC_0068868,2
ISIC_0031268,2
ISIC_0055745,2
ISIC_0029280,2
ISIC_0029181,2
ISIC_0034041,2
ISIC_0059941,1
ISIC_0026904,2
ISIC_0028662,5
ISIC_0032605,2
ISIC_0053647,3
ISIC_0058997,3
ISIC_0000423,2
ISIC_0061966,2
ISIC_0027482,2
ISIC_0059743,1
ISIC_0055859,1
ISIC_0029088,2
ISIC_0000214,1
ISIC_0055426,2
ISIC_0027159,1
ISIC_0024527,2
ISIC_0032426,2
ISIC_0061270,3
ISIC_0071341,2
ISIC_0059212,3
ISIC_0054074,3
ISIC_0009969,2
ISIC_0012374,2
ISIC_0062008,2
ISIC_0029685,2
ISIC_0058180,2
ISIC_0029755,3
ISIC_0015363,2
ISIC_0072576,2
ISIC_0072820,1
ISIC_0000044,2
ISIC_0068569,1
ISIC_0029875,6
ISIC_0012673,2
ISIC_0000503,2
ISIC_0072068,2
ISIC_0027123,2
ISIC_0031337,2
ISIC_0032532,2
ISIC_0031035,2
ISIC_0027935,5
ISIC_0030494,2
ISIC_0026241,2
ISIC_0030136,2
ISIC_0063086,2
ISIC_0063720,3
ISIC_0059029,2
ISIC_0032048,2
ISIC_0025249,5
ISIC_0072340,2
ISIC_0031901,7
ISIC_0062583,4
ISIC_0057747,1
ISIC_0067891,1
ISIC_0032085,2
ISIC_0030563,2
ISIC_0032974,2
ISIC_0069333,5
ISIC_0025736,2
ISIC_0010073,3
ISIC_0067756,1
ISIC_0031643,2
ISIC_0029481,2
ISIC_0063111,5
ISIC_0024566,3
ISIC_0061905,1
ISIC_0027378,2
ISIC_0033276,2
ISIC_0062561,1
ISIC_0028011,2
ISIC_0064625,1
ISIC_0024559,2
ISIC_0066624,2
ISIC_0033819,1
ISIC_0026303,2
ISIC_0024625,2
ISIC_0033652,2
ISIC_0061860,2
ISIC_0031467,2
ISIC_0072347,4
ISIC_0068299,1
ISIC_0034232,2
ISIC_0054573,1
ISIC_0033340,8
ISIC_0025851,5
ISIC_0031206,2
ISIC_0031113,1
ISIC_0030902,7
ISIC_0069879,5
ISIC_0053472,3
ISIC_0032423,2
ISIC_0027110,2
ISIC_0028887,1
ISIC_0060448,2
ISIC_0070050,2
ISIC_0010104,5
ISIC_0027825,3
ISIC_0001191,2
ISIC_0027540,2
ISIC_0030170,2
ISIC_0061018,2
ISIC_0031919,2
ISIC_0025482,2
ISIC_0000011,2
ISIC_0024852,2
ISIC_0066214,3
ISIC_0029101,5
ISIC_0014037,1
ISIC_0034190,7
ISIC_0007528,2
ISIC_0028129,2
ISIC_0072825,1
ISIC_0055273,4
ISIC_0055120,2
ISIC_0031727,1
ISIC_0031766,5
ISIC_0024900,2
ISIC_0068928,1
ISIC_0057288,3
ISIC_0029278,5
ISIC_0000551,8
ISIC_0071454,1
ISIC_0028204,2
ISIC_0071751,1
ISIC_0012170,5
ISIC_0000536,2
ISIC_0070547,3
ISIC_0027561,5
ISIC_0068401,1
ISIC_0031789,3
ISIC_0030245,2
ISIC_0014823,5
ISIC_0060716,1
ISIC_0028952,5
ISIC_0014251,5
ISIC_0069881,2
ISIC_0033705,4
ISIC_0028965,1
ISIC_0066913,3
ISIC_0064008,2
ISIC_0013268,5
ISIC_0058716,5
ISIC_0000195,1
ISIC_0027842,2
ISIC_0033512,3
ISIC_0024311,2
ISIC_0028836,2
ISIC_0071946,4
ISIC_0056707,3
ISIC_0032763,5
ISIC_0031309,2
ISIC_0057584,8
ISIC_0053985,1
ISIC_0072553,1
ISIC_0064186,2
ISIC_0030505,2
ISIC_0024320,2
ISIC_0033280,5
ISIC_0000523,2
ISIC_0062470,2
ISIC_0054772,3
ISIC_0062710,3
ISIC_0029841,5
ISIC_0026567,5
ISIC_0010176,2
ISIC_0060136,5
ISIC_0027605,2
ISIC_0029399,2
ISIC_0024931,3
ISIC_0058168,1
ISIC_0069441,2
ISIC_0033722,2
ISIC_0054146,1
ISIC_0010237,2
ISIC_0072439,5
ISIC_0026640,2
ISIC_0067061,4
ISIC_0071898,2
ISIC_0032256,2
ISIC_0054711,2
ISIC_0070339,3
ISIC_0013830,5
ISIC_0065521,4
ISIC_0029008,2
ISIC_0029824,6
ISIC_0053749,4
ISIC_0027212,2
ISIC_0013177,3
ISIC_0072287,3
ISIC_0059494,6
ISIC_0025026,2
ISIC_0066565,2
ISIC_0058514,3
ISIC_0032756,5
ISIC_0029742,7
ISIC_0063353,5
ISIC_0024416,5
ISIC_0060041,4
ISIC_0060116,4
ISIC_0024999,2
ISIC_0030969,2
ISIC_0030857,2
ISIC_0069400,2
ISIC_0058507,5
ISIC_0057737,2
ISIC_0071185,2
ISIC_0066462,2
ISIC_0062784,2
ISIC_0058344,1
ISIC_0011159,2
ISIC_0065944,1
ISIC_0000529,4
ISIC_0063834,8
ISIC_0056025,8
ISIC_0065612,4
ISIC_0062027,1
ISIC_0069283,2
ISIC_0026521,2
ISIC_0072856,3
ISIC_0001286,2
ISIC_0066378,1
ISIC_0068889,4
ISIC_0062868,3
ISIC_0034269,5
ISIC_0070508,6
ISIC_0028827,2
ISIC_0000421,4
ISIC_0062646,4
ISIC_0061092,1
ISIC_0056240,3
ISIC_0029490,2
ISIC_0029400,2
ISIC_0071022,2
ISIC_0062221,2
ISIC_0028951,2
ISIC_0057771,1
ISIC_0058852,1
ISIC_0053863,3
ISIC_0070035,3
ISIC_0073027,2
ISIC_0059033,3
ISIC_0066190,3
ISIC_0067434,6
ISIC_0070897,2
ISIC_0025484,5
ISIC_0064494,2
ISIC_0061706,5
ISIC_0064159,5
ISIC_0001254,2
ISIC_0069068,4
ISIC_0027006,5
ISIC_0054706,2
ISIC_0033205,3
ISIC_0062306,2
ISIC_0069577,3
ISIC_0024882,2
ISIC_0013672,1
ISIC_0033130,1
ISIC_0030978,5
ISIC_0070698,2
ISIC_0056996,6
ISIC_0069184,3
ISIC_0026815,2
ISIC_0027205,2
ISIC_0069758,5
ISIC_0000154,1
ISIC_0029872,1
ISIC_0062840,2
ISIC_0000239,2
ISIC_0010468,1
ISIC_0064090,8
ISIC_0065791,2
ISIC_0024612,2
ISIC_0058511,2
ISIC_0059183,1
ISIC_0068012,2
ISIC_0028453,5
ISIC_0055650,7
ISIC_0073061,3
ISIC_0063881,1
ISIC_0028150,2
ISIC_0029054,2
ISIC_0031785,2
ISIC_0033782,2
ISIC_0057593,1
ISIC_0031449,5
ISIC_0013340,2
ISIC_0025926,2
ISIC_0061853,2
ISIC_0059711,1
ISIC_0069406,5
ISIC_0068640,3
ISIC_0025307,2
ISIC_0025734,2
ISIC_0064748,3
ISIC_0062356,3
ISIC_0012324,2
ISIC_0014216,5
ISIC_0027413,2
ISIC_0061639,2
ISIC_0054859,1
ISIC_0063924,2
ISIC_0064679,8
ISIC_0031921,2
ISIC_0064658,2
ISIC_0061723,2
ISIC_0068832,3
ISIC_0065657,5
ISIC_0029776,5
ISIC_0063861,2
ISIC_0013603,2
ISIC_0054265,4
ISIC_0032927,2
ISIC_0072403,2
ISIC_0024554,5
ISIC_0068062,2
ISIC_0028037,2
ISIC_0029049,5
ISIC_0057782,3
ISIC_0069422,3
ISIC_0033518,1
ISIC_0058033,1
ISIC_0059539,3
ISIC_0058538,2
ISIC_0058743,1
ISIC_0073119,1
ISIC_0057672,5
ISIC_0005247,2
ISIC_0031191,1
ISIC_0029769,2
ISIC_0062305,3
ISIC_0060080,1
ISIC_0024379,2
ISIC_0055783,1
ISIC_0069272,3
ISIC_0010215,2
ISIC_0029308,5
ISIC_0063338,3
ISIC_0054655,2
ISIC_0030129,2
ISIC_0012274,2
ISIC_0012433,5
ISIC_0072836,2
ISIC_0025650,3
ISIC_0069163,4
ISIC_0058990,5
ISIC_0067196,5
ISIC_0030370,2
ISIC_0031008,5
ISIC_0026028,2
ISIC_0015967,2
ISIC_0064416,3
ISIC_0013644,2
ISIC_0065746,1
ISIC_0013480,3
ISIC_0061692,3
ISIC_0026898,2
ISIC_0029787,2
ISIC_0024787,3
ISIC_0031773,2
ISIC_0013316,5
ISIC_0058905,3
ISIC_0025453,2
ISIC_0012697,2
ISIC_0000041,2
ISIC_0033270,5
ISIC_0026608,2
ISIC_0025901,2
ISIC_0068874,2
ISIC_0061964,2
ISIC_0067703,1
ISIC_0010191,2
ISIC_0031169,3
ISIC_0033958,2
ISIC_0033599,2
ISIC_0055630,2
ISIC_0030252,2
ISIC_0030842,2
ISIC_0062240,3
ISIC_0033655,1
ISIC_0063090,3
ISIC_0065069,1
ISIC_0068995,4
ISIC_0070017,1
ISIC_0024902,2
ISIC_0028458,2
ISIC_0031296,2
ISIC_0028877,3
ISIC_0013393,1
ISIC_0053987,5
ISIC_0066407,1
ISIC_0031140,3
ISIC_0064805,3
ISIC_0010452,2
ISIC_0068116,5
ISIC_0071735,2
ISIC_0054123,5
ISIC_0063594,5
ISIC_0061230,2
ISIC_0066876,1
ISIC_0033894,1
ISIC_0014579,8
ISIC_0056512,1
ISIC_0026484,2
ISIC_0062992,1
ISIC_0064300,2
ISIC_0063001,5
ISIC_0063610,3
ISIC_0032109,2
ISIC_0026412,2
ISIC_0055876,2
ISIC_0057794,5
ISIC_0026872,8
ISIC_0056400,2
ISIC_0026349,7
ISIC_0024685,2
ISIC_0060295,2
ISIC_0062839,1
ISIC_0070703,7
ISIC_0061891,3
ISIC_0032124,2
ISIC_0063521,5
ISIC_0034129,2
ISIC_0028463,2
ISIC_0065302,5
ISIC_0033292,2
ISIC_0063611,2
ISIC_0071147,8
ISIC_0028256,2
ISIC_0069617,1
ISIC_0029775,2
ISIC_0012887,2
ISIC_0029999,2
ISIC_0025836,3
ISIC_0067201,2
ISIC_0063349,1
ISIC_0067136,3
ISIC_0027623,2
ISIC_0032639,2
ISIC_0030077,2
ISIC_0030742,2
ISIC_0058934,3
ISIC_0067417,1
ISIC_0070875,2
ISIC_0054690,8
ISIC_0062346,4
ISIC_0058603,4
ISIC_0028296,2
ISIC_0030906,2
ISIC_0055484,1
ISIC_0026464,2
ISIC_0062596,1
ISIC_0024851,5
ISIC_0068910,1
ISIC_0025047,2
ISIC_0033108,5
ISIC_0025714,2
ISIC_0025423,5
ISIC_0029965,2
ISIC_0030621,1
ISIC_0070849,2
ISIC_0027613,3
ISIC_0028379,2
ISIC_0030916,2
ISIC_0054384,1
ISIC_0072730,1
ISIC_0056383,1
ISIC_0012298,2
ISIC_0069603,4
ISIC_0033481,2
ISIC_0063735,2
ISIC_0033097,2
ISIC_0033447,2
ISIC_0071743,3
ISIC_0059387,4
ISIC_0012335,2
ISIC_0027189,5
ISIC_0033288,2
ISIC_0063692,2
ISIC_0013925,1
ISIC_0029335,2
ISIC_0028338,5
ISIC_0055809,3
ISIC_0009937,3
ISIC_0061231,1
ISIC_0026437,4
ISIC_0054456,2
ISIC_0057810,2
ISIC_0015403,2
ISIC_0069357,2
ISIC_0001292,2
ISIC_0030644,3
ISIC_0032433,2
ISIC_0010257,2
ISIC_0033289,2
ISIC_0060502,1
ISIC_0069136,2
ISIC_0065233,2
ISIC_0062911,2
ISIC_0056357,2
ISIC_0030197,8
ISIC_0057054,2
ISIC_0073108,5
ISIC_0024422,5
ISIC_0032953,7
ISIC_0031259,2
ISIC_0027855,1
ISIC_0027251,2
ISIC_0069481,2
ISIC_0032283,5
ISIC_0058910,1
ISIC_0028803,2
ISIC_0071108,8
ISIC_0030031,1
ISIC_0056694,1
ISIC_0053951,3
ISIC_0032251,3
ISIC_0062076,2
ISIC_0065063,3
ISIC_0068171,2
ISIC_0064837,2
ISIC_0058523,2
ISIC_0027912,2
ISIC_0031605,2
ISIC_0062809,2
ISIC_0024920,2
ISIC_0056498,3
ISIC_0055222,2
ISIC_0067833,3
ISIC_0057556,1
ISIC_0060487,3
ISIC_0027856,7
ISIC_0029808,2
ISIC_0008807,2
ISIC_0069585,3
ISIC_0067380,3
ISIC_0028246,2
ISIC_0069574,3
ISIC_0070382,5
ISIC_0032090,2
ISIC_0067286,3
ISIC_0071110,3
ISIC_0032676,2
ISIC_0031288,2
ISIC_0033573,1
ISIC_0071809,4
ISIC_0055862,1
ISIC_0027711,2
ISIC_0028378,1
ISIC_0012678,1
ISIC_0013749,2
ISIC_0060972,1
ISIC_0014775,2
ISIC_0034128,2
ISIC_0070213,8
ISIC_0031405,5
ISIC_0029075,1
ISIC_0029109,2
ISIC_0054332,1
ISIC_0055940,3
ISIC_0061599,5
ISIC_0068390,8
ISIC_0024802,2
ISIC_0072658,5
ISIC_0069236,5
ISIC_0064343,2
ISIC_0069157,2
ISIC_0064603,1
ISIC_0060332,3
ISIC_0061261,1
ISIC_0058232,2
ISIC_0026603,2
ISIC_0059532,1
ISIC_0028916,1
ISIC_0067088,3
ISIC_0032089,2
ISIC_0028684,2
ISIC_0026843,2
ISIC_0070727,2
ISIC_0030876,4
ISIC_0054923,1
ISIC_0028104,5
ISIC_0054403,2
ISIC_0015035,2
ISIC_0012527,1
ISIC_0030599,2
ISIC_0067031,2
ISIC_0062770,1
ISIC_0070678,2
ISIC_0062424,4
ISIC_0033278,1
ISIC_0030214,2
ISIC_0027807,2
ISIC_0028648,2
ISIC_0024572,3
ISIC_0057518,1
ISIC_0073138,2
ISIC_0070375,2
ISIC_0057661,1
ISIC_0061086,1
ISIC_0028147,3
ISIC_0064899,3
ISIC_0059208,2
ISIC_0032345,5
ISIC_0033060,2
ISIC_0069052,3
ISIC_0071418,2
ISIC_0030304,2
ISIC_0061680,1
ISIC_0031769,4
ISIC_0054451,4
ISIC_0057693,2
ISIC_0012901,2
ISIC_0030454,2
ISIC_0027719,2
ISIC_0015989,2
ISIC_0033101,2
ISIC_0056354,2
ISIC_0057108,2
ISIC_0031105,2
ISIC_0065450,4
ISIC_0026520,2
ISIC_0033734,2
ISIC_0055282,2
ISIC_0064437,2
ISIC_0069851,2
ISIC_0026488,2
ISIC_0025401,2
ISIC_0000177,2
ISIC_0031693,2
ISIC_0056915,2
ISIC_0069457,5
ISIC_0070551,2
ISIC_0061202,3
ISIC_0070900,1
ISIC_0065447,2
ISIC_0054446,2
ISIC_0025683,2
ISIC_0055567,3
ISIC_0031846,2
ISIC_0034300,2
ISIC_0014664,2
ISIC_0058071,2
ISIC_0056291,3
ISIC_0008626,2
ISIC_0058586,4
ISIC_0014526,3
ISIC_0055404,1
ISIC_0030246,2
ISIC_0058010,5
ISIC_0010092,2
ISIC_0032428,2
ISIC_0071835,3
ISIC_0072211,3
ISIC_0059916,1
ISIC_0062290,2
ISIC_0030729,2
ISIC_0029185,2
ISIC_0060522,4
ISIC_0014613,5
ISIC_0010105,2
ISIC_0067362,3
ISIC_0029754,2
ISIC_0064639,1
ISIC_0008913,2
ISIC_0071308,5
ISIC_0024565,2
ISIC_0025173,2
ISIC_0031356,1
ISIC_0061562,2
ISIC_0058179,1
ISIC_0028461,2
ISIC_0059984,3
ISIC_0069796,3
ISIC_0060039,2
ISIC_0071693,1
ISIC_0030161,2
ISIC_0070961,1
ISIC_0026310,2
ISIC_0025096,2
ISIC_0027365,3
ISIC_0053599,2
ISIC_0028230,2
ISIC_0027607,2
ISIC_0033240,1
ISIC_0058792,5
ISIC_0070958,3
ISIC_0012109,1
ISIC_0068057,5
ISIC_0009909,1
ISIC_0059046,5
ISIC_0065082,3
ISIC_0061955,3
ISIC_0031864,2
ISIC_0062954,1
ISIC_0032874,2
ISIC_0026321,3
ISIC_0028262,2
ISIC_0031752,2
ISIC_0029659,8
ISIC_0032284,4
ISIC_0068946,3
ISIC_0028568,5
ISIC_0063457,1
ISIC_0060152,1
ISIC_0013610,5
ISIC_0059388,3
ISIC_0000230,2
ISIC_0012333,5
ISIC_0062548,2
ISIC_0012544,3
ISIC_0070111,1
ISIC_0000341,5
ISIC_0026954,2
ISIC_0055741,1
ISIC_0015110,1
ISIC_0029736,2
ISIC_0059691,2
ISIC_0059321,2
ISIC_0069754,6
ISIC_0030798,5
ISIC_0028257,2
ISIC_0033897,2
ISIC_0010591,1
ISIC_0055732,4
ISIC_0026224,2
ISIC_0033510,2
ISIC_0025504,5
ISIC_0013549,1
ISIC_0059553,4
ISIC_0064148,3
ISIC_0072237,3
ISIC_0014693,2
ISIC_0058135,1
ISIC_0031724,2
ISIC_0069925,3
ISIC_0071277,2
ISIC_0013685,4
ISIC_0071374,2
ISIC_0061923,3
ISIC_0027608,5
ISIC_0055343,1
ISIC_0066415,1
ISIC_0000072,1
ISIC_0025134,5
ISIC_0029016,2
ISIC_0009973,2
ISIC_0027246,2
ISIC_0013037,2
ISIC_0030839,5
ISIC_0025696,4
ISIC_0024662,7
ISIC_0032652,5
ISIC_0056393,1
ISIC_0063075,5
ISIC_0063373,1
ISIC_0028213,2
ISIC_0014133,1
ISIC_0071143,3
ISIC_0027399,2
ISIC_0061186,3
ISIC_0025664,2
ISIC_0000505,2
ISIC_0029141,2
ISIC_0071632,1
ISIC_0056535,5
ISIC_0026766,3
ISIC_0032612,2
ISIC_0013189,4
ISIC_0031559,2
ISIC_0067663,8
ISIC_0033654,2
ISIC_0064925,1
ISIC_0029697,2
ISIC_0030140,2
ISIC_0012448,5
ISIC_0015312,2
ISIC_0030295,2
ISIC_0067970,2
ISIC_0064405,5
ISIC_0013124,7
ISIC_0029183,2
ISIC_0025998,2
ISIC_0063091,3
ISIC_0024674,2
ISIC_0059470,2
ISIC_0028784,2
ISIC_0067672,2
ISIC_0029284,2
ISIC_0054351,3
ISIC_0068858,2
ISIC_0053800,1
ISIC_0033606,1
ISIC_0068255,2
ISIC_0010467,4
ISIC_0031472,2
ISIC_0065721,3
ISIC_0058625,1
ISIC_0065648,3
ISIC_0032762,2
ISIC_0025427,8
ISIC_0072539,4
ISIC_0058857,2
ISIC_0068703,2
ISIC_0033209,2
ISIC_0058060,3
ISIC_0026167,1
ISIC_0056150,4
ISIC_0054740,8
ISIC_0027998,3
ISIC_0056997,2
ISIC_0000465,2
ISIC_0033635,2
ISIC_0063745,2
ISIC_0029343,2
ISIC_0024338,5
ISIC_0013287,2
ISIC_0065465,2
ISIC_0065169,2
ISIC_0067705,2
ISIC_0064179,3
ISIC_0027145,2
ISIC_0063485,3
ISIC_0024605,2
ISIC_0024906,2
ISIC_0068178,2
ISIC_0025826,3
ISIC_0070778,1
ISIC_0069292,2
ISIC_0027196,2
ISIC_0014682,1
ISIC_0068744,1
ISIC_0059846,2
ISIC_0030376,2
ISIC_0058527,3
ISIC_0029741,5
ISIC_0065145,2
ISIC_0063493,1
ISIC_0012400,1
ISIC_0069001,5
ISIC_0013215,5
ISIC_0068010,2
ISIC_0027377,2
ISIC_0059746,3
ISIC_0056751,1
ISIC_0028067,2
ISIC_0013996,3
ISIC_0013596,2
ISIC_0057063,1
ISIC_0024952,1
ISIC_0056253,2
ISIC_0000149,1
ISIC_0014308,2
ISIC_0065151,3
ISIC_0058813,2
ISIC_0072965,2
ISIC_0060180,3
ISIC_0025799,4
ISIC_0028401,2
ISIC_0064965,2
ISIC_0062394,2
ISIC_0066474,2
ISIC_0028015,2
ISIC_0060683,3
ISIC_0071572,3
ISIC_0034247,1
ISIC_0014795,1
ISIC_0026077,2
ISIC_0031679,2
ISIC_0029710,2
ISIC_0063533,2
ISIC_0030419,2
ISIC_0071788,5
ISIC_0033190,2
ISIC_0072662,3
ISIC_0015260,2
ISIC_0033747,6
ISIC_0030433,2
ISIC_0071230,2
ISIC_0063868,5
ISIC_0055287,1
ISIC_0033116,2
ISIC_0062164,1
ISIC_0012265,5
ISIC_0057399,3
ISIC_0066584,2
ISIC_0070735,4
ISIC_0015978,2
ISIC_0028343,5
ISIC_0014726,2
ISIC_0068511,2
ISIC_0071235,3
ISIC_0032184,5
ISIC_0030694,3
ISIC_0066915,2
ISIC_0062123,4
ISIC_0016048,2
ISIC_0033430,2
ISIC_0027297,5
ISIC_0024354,2
ISIC_0064546,3
ISIC_0004337,2
ISIC_0033781,2
ISIC_0030632,2
ISIC_0065918,1
ISIC_0056703,3
ISIC_0069010,4
ISIC_0024597,2
ISIC_0057812,2
ISIC_0026551,2
ISIC_0027362,2
ISIC_0065293,3
ISIC_0056113,1
ISIC_0056759,2
ISIC_0070232,5
ISIC_0029056,2
ISIC_0015364,2
ISIC_0034205,1
ISIC_0066455,5
ISIC_0033800,2
ISIC_0033884,2
ISIC_0061250,1
ISIC_0062609,4
ISIC_0055993,3
ISIC_0014431,2
ISIC_0032653,2
ISIC_0054390,3
ISIC_0060614,3
ISIC_0055397,3
ISIC_0032555,5
ISIC_0066745,3
ISIC_0031145,2
ISIC_0025573,1
ISIC_0032157,2
ISIC_0024487,2
ISIC_0064548,1
ISIC_0072818,3
ISIC_0066618,5
ISIC_0071975,2
ISIC_0028775,2
ISIC_0031782,2
ISIC_0060418,4
ISIC_0067371,2
ISIC_0029786,2
ISIC_0032530,1
ISIC_0055796,1
ISIC_0030408,8
ISIC_0032370,2
ISIC_0029164,2
ISIC_0072895,1
ISIC_0028118,2
ISIC_0032952,2
ISIC_0053631,2
ISIC_0026226,2
ISIC_0034028,1
ISIC_0062194,5
ISIC_0025315,2
ISIC_0033075,2
ISIC_0033353,2
ISIC_0015353,2
ISIC_0057730,4
ISIC_0058877,1
ISIC_0030603,5
ISIC_0072327,2
ISIC_0062430,3
ISIC_0060490,4
ISIC_0065655,1
ISIC_0067775,2
ISIC_0060940,1
ISIC_0059844,5
ISIC_0054393,2
ISIC_0056530,3
ISIC_0063210,3
ISIC_0028327,2
ISIC_0067030,2
ISIC_0063687,1
ISIC_0064495,5
ISIC_0026889,2
ISIC_0032820,2
ISIC_0072345,3
ISIC_0025604,2
ISIC_0015200,5
ISIC_0013164,2
ISIC_0025788,2
ISIC_0024679,1
ISIC_0054641,3
ISIC_0026292,2
ISIC_0031759,7
ISIC_0070256,2
ISIC_0027283,2
ISIC_0034212,1
ISIC_0070734,3
ISIC_0055275,3
ISIC_0069978,4
ISIC_0031400,3
ISIC_0030639,3
ISIC_0057511,3
ISIC_0026038,2
ISIC_0009974,2
ISIC_0001372,2
ISIC_0071954,2
ISIC_0065519,2
ISIC_0029572,5
ISIC_0013414,2
ISIC_0033770,5
ISIC_0065773,2
ISIC_0061807,2
ISIC_0071948,1
ISIC_0027563,7
ISIC_0028445,1
ISIC_0015357,2
ISIC_0069667,1
ISIC_0032229,2
ISIC_0055803,1
ISIC_0032095,1
ISIC_0033908,5
ISIC_0027911,2
ISIC_0067233,2
ISIC_0064823,1
ISIC_0062468,1
ISIC_0068305,2
ISIC_0012383,5
ISIC_0072103,1
ISIC_0053857,6
ISIC_0031179,2
ISIC_0011081,4
ISIC_0067497,3
ISIC_0072607,5
ISIC_0055289,2
ISIC_0060366,3
ISIC_0066143,2
ISIC_0066739,2
ISIC_0054779,5
ISIC_0062399,3
ISIC_0028832,2
ISIC_0029788,2
ISIC_0028970,5
ISIC_0061520,8
ISIC_0032427,2
ISIC_0070812,5
ISIC_0030362,2
ISIC_0000517,1
ISIC_0033878,5
ISIC_0063559,4
ISIC_0030735,2
ISIC_0072360,3
ISIC_0032155,2
ISIC_0013491,2
ISIC_0012134,5
ISIC_0061085,1
ISIC_0028883,5
ISIC_0000068,1
ISIC_0065412,2
ISIC_0029764,3
ISIC_0012182,4
ISIC_0030765,1
ISIC_0013995,2
ISIC_0027641,2
ISIC_0057817,2
ISIC_0059522,2
ISIC_0000213,2
ISIC_0058814,2
ISIC_0028772,2
ISIC_0010360,2
ISIC_0058753,2
ISIC_0027707,2
ISIC_0010094,2
ISIC_0073231,1
ISIC_0053664,4
ISIC_0026094,1
ISIC_0009962,2
ISIC_0065337,2
ISIC_0067692,5
ISIC_0024600,2
ISIC_0063945,1
ISIC_0061391,5
ISIC_0011158,8
ISIC_0029324,2
ISIC_0029420,5
ISIC_0070626,2
ISIC_0025611,2
ISIC_0071554,2
ISIC_0026775,5
ISIC_0061838,2
ISIC_0012990,2
ISIC_0029270,5
ISIC_0032854,3
ISIC_0055335,2
ISIC_0013567,5
ISIC_0061679,4
ISIC_0055987,1
ISIC_0028492,2
ISIC_0060833,5
ISIC_0008507,2
ISIC_0063355,5
ISIC_0067175,3
ISIC_0073157,3
ISIC_0016045,2
ISIC_0031522,2
ISIC_0028383,2
ISIC_0032103,3
ISIC_0056731,3
ISIC_0030544,2
ISIC_0055744,3
ISIC_0071991,3
ISIC_0057348,5
ISIC_0026703,2
ISIC_0061254,3
ISIC_0061641,2
ISIC_0034009,2
ISIC_0069038,3
ISIC_0027891,2
ISIC_0057069,3
ISIC_0029688,2
ISIC_0013997,2
ISIC_0028289,2
ISIC_0033978,2
ISIC_0062778,2
ISIC_0000426,1
ISIC_0058723,1
ISIC_0025591,2
ISIC_0059609,5
ISIC_0015966,5
ISIC_0032288,2
ISIC_0065439,4
ISIC_0055194,3
ISIC_0015011,4
ISIC_0032389,5
ISIC_0031740,2
ISIC_0062791,3
ISIC_0031850,2
ISIC_0068318,1
ISIC_0027477,2
ISIC_0032052,2
ISIC_0065567,4
ISIC_0061676,3
ISIC_0073069,2
ISIC_0026157,2
ISIC_0032921,1
ISIC_0031858,2
ISIC_0027009,6
ISIC_0057056,3
ISIC_0056501,1
ISIC_0060582,3
ISIC_0030373,2
ISIC_0029077,2
ISIC_0029496,2
ISIC_0025183,2
ISIC_0032359,5
ISIC_0031808,5
ISIC_0033346,2
ISIC_0032580,2
ISIC_0065295,2
ISIC_0069926,3
ISIC_0026416,5
ISIC_0033402,2
ISIC_0024414,2
ISIC_0071388,1
ISIC_0026623,1
ISIC_0012803,2
ISIC_0033700,6
ISIC_0068466,2
ISIC_0028737,5
ISIC_0065390,1
ISIC_0062983,2
ISIC_0058573,4
ISIC_0031050,5
ISIC_0070380,1
ISIC_0024309,6
ISIC_0000533,2
ISIC_0071378,3
ISIC_0034153,5
ISIC_0026951,2
ISIC_0061824,3
ISIC_0070128,3
ISIC_0028900,1
ISIC_0026925,2
ISIC_0072572,4
ISIC_0031011,2
ISIC_0033264,5
ISIC_0014713,2
ISIC_0063569,3
ISIC_0065830,3
ISIC_0054877,3
ISIC_0000050,2
ISIC_0060869,1
ISIC_0030723,5
ISIC_0065864,1
ISIC_0055312,8
ISIC_0053620,1
ISIC_0070663,3
ISIC_0003539,2
ISIC_0063975,2
ISIC_0067614,1
ISIC_0030746,3
ISIC_0058810,5
ISIC_0033224,8
ISIC_0030662,2
ISIC_0070469,2
ISIC_0070079,2
ISIC_0064806,1
ISIC_0032916,2
ISIC_0026652,2
ISIC_0028689,2
ISIC_0068084,4
ISIC_0009896,1
ISIC_0060314,3
ISIC_0062538,2
ISIC_0025328,2
ISIC_0070103,6
ISIC_0007241,2
ISIC_0065999,3
ISIC_0029083,3
ISIC_0009505,2
ISIC_0068619,1
ISIC_0033383,2
ISIC_0031221,2
ISIC_0030392,2
ISIC_0065940,1
ISIC_0068905,1
ISIC_0068188,1
ISIC_0053828,1
ISIC_0029622,2
ISIC_0057237,3
ISIC_0033078,2
ISIC_0010252,1
ISIC_0058952,2
ISIC_0010448,2
ISIC_0033375,2
ISIC_0028450,2
ISIC_0033135,7
ISIC_0059481,1
ISIC_0056579,2
ISIC_0000250,1
ISIC_0057344,1
ISIC_0029265,3
ISIC_0032400,1
ISIC_0025711,8
ISIC_0027575,2
ISIC_0033197,2
ISIC_0071150,3
ISIC_0057513,2
ISIC_0024346,2
ISIC_0069840,3
ISIC_0027713,3
ISIC_0033318,2
ISIC_0055769,1
ISIC_0057564,3
ISIC_0033473,1
ISIC_0064422,3
ISIC_0071414,3
ISIC_0026252,2
ISIC_0064011,2
ISIC_0032511,1
ISIC_0029768,2
ISIC_0065614,2
ISIC_0059165,2
ISIC_0064475,2
ISIC_0053710,2
ISIC_0063666,3
ISIC_0067464,3
ISIC_0032561,2
ISIC_0014028,5
ISIC_0058858,1
ISIC_0031674,1
ISIC_0064979,2
ISIC_0069831,3
ISIC_0064270,1
ISIC_0014336,5
ISIC_0061565,2
ISIC_0014592,1
ISIC_0072838,2
ISIC_0000085,2
ISIC_0027491,2
ISIC_0057706,2
ISIC_0057980,1
ISIC_0031371,2
ISIC_0012369,2
ISIC_0030863,2
ISIC_0024331,3
ISIC_0058249,1
ISIC_0056282,8
ISIC_0032169,2
ISIC_0033647,2
ISIC_0062931,2
ISIC_0029427,5
ISIC_0065134,2
ISIC_0058246,4
ISIC_0031550,5
ISIC_0010255,2
ISIC_0061338,5
ISIC_0068422,4
ISIC_0013917,2
ISIC_0070860,2
ISIC_0000493,2
ISIC_0055511,1
ISIC_0054731,5
ISIC_0071600,5
ISIC_0069435,5
ISIC_0062753,5
ISIC_0056677,1
ISIC_0012660,2
ISIC_0054226,1
ISIC_0070834,2
ISIC_0072546,3
ISIC_0064796,4
ISIC_0063895,2
ISIC_0033069,1
ISIC_0059531,2
ISIC_0066613,1
ISIC_0066924,5
ISIC_0032517,1
ISIC_0028715,2
ISIC_0057198,3
ISIC_0069109,3
ISIC_0055147,1
ISIC_0056172,1
ISIC_0032490,2
ISIC_0060592,1
ISIC_0012944,2
ISIC_0063704,7
ISIC_0068814,1
ISIC_0025746,5
ISIC_0059617,3
ISIC_0061011,1
ISIC_0054618,1
ISIC_0072830,4
ISIC_0067014,1
ISIC_0056094,5
ISIC_0063399,2
ISIC_0059950,3
ISIC_0062926,3
ISIC_0058903,3
ISIC_0000191,2
ISIC_0030741,2
ISIC_0070068,1
ISIC_0028452,2
ISIC_0032382,5
ISIC_0070164,4
ISIC_0031231,2
ISIC_0032850,3
ISIC_0069770,1
ISIC_0064761,1
ISIC_0009929,2
ISIC_0058664,5
ISIC_0070060,3
ISIC_0057892,2
ISIC_0024388,2
ISIC_0056483,1
ISIC_0029191,2
ISIC_0061220,3
ISIC_0062409,3
ISIC_0033104,2
ISIC_0054592,4
ISIC_0068637,3
ISIC_0060544,2
ISIC_0029279,8
ISIC_0027585,2
ISIC_0000408,2
ISIC_0028342,2
ISIC_0063850,2
ISIC_0070635,5
ISIC_0026936,2
ISIC_0031382,2
ISIC_0027658,2
ISIC_0062292,1
ISIC_0055135,5
ISIC_0068326,1
ISIC_0027915,1
ISIC_0013167,5
ISIC_0029712,2
ISIC_0067000,3
ISIC_0064903,2
ISIC_0025400,2
ISIC_0055296,2
ISIC_0033320,2
ISIC_0031647,2
ISIC_0071530,2
ISIC_0030272,5
ISIC_0032940,1
ISIC_0060589,1
ISIC_0029254,5
ISIC_0009564,2
ISIC_0066655,3
ISIC_0053700,1
ISIC_0011305,2
ISIC_0060738,2
ISIC_0069728,4
ISIC_0059474,2
ISIC_0064075,3
ISIC_0068036,8
ISIC_0069824,2
ISIC_0072042,5
ISIC_0026605,2
ISIC_0027164,1
ISIC_0009938,2
ISIC_0071448,1
ISIC_0062419,1
ISIC_0030556,2
ISIC_0032008,2
ISIC_0026299,2
ISIC_0030845,1
ISIC_0025911,6
ISIC_0030609,2
ISIC_0031660,1
ISIC_0024706,7
ISIC_0066370,3
ISIC_0062834,4
ISIC_0026986,2
ISIC_0027824,2
ISIC_0065666,3
ISIC_0025258,2
ISIC_0031538,2
ISIC_0013602,3
ISIC_0026858,2
ISIC_0073254,5
ISIC_0031380,2
ISIC_0069544,4
ISIC_0063809,4
ISIC_0058044,5
ISIC_0031661,2
ISIC_0030332,2
ISIC_0057560,3
ISIC_0069100,1
ISIC_0025566,2
ISIC_0068383,1
ISIC_0065111,2
ISIC_0065537,1
ISIC_0053940,2
ISIC_0031552,3
ISIC_0066420,1
ISIC_0011361,2
ISIC_0032769,2
ISIC_0058366,1
ISIC_0054100,2
ISIC_0061381,3
ISIC_0010440,1
ISIC_0028422,2
ISIC_0053760,3
ISIC_0067750,2
ISIC_0071516,2
ISIC_0033005,6
ISIC_0025931,1
ISIC_0057174,2
ISIC_0024960,2
ISIC_0053454,1
ISIC_0057009,1
ISIC_0063951,1
ISIC_0065291,2
ISIC_0068540,1
ISIC_0073247,3
ISIC_0027397,5
ISIC_0024744,2
ISIC_0069592,1
ISIC_0030531,2
ISIC_0014346,8
ISIC_0058221,2
ISIC_0033940,2
ISIC_0054048,1
ISIC_0056573,1
ISIC_0031682,2
ISIC_0028511,3
ISIC_0065269,2
ISIC_0060158,2
ISIC_0053881,2
ISIC_0030749,2
ISIC_0063213,8
ISIC_0012725,2
ISIC_0026847,8
ISIC_0056432,5
ISIC_0025171,2
ISIC_0028169,2
ISIC_0012257,4
ISIC_0056605,3
ISIC_0028611,3
ISIC_0032385,2
ISIC_0068176,2
ISIC_0069715,3
ISIC_0026219,5
ISIC_0012522,3
ISIC_0025834,1
ISIC_0063803,3
ISIC_0030908,2
ISIC_0033246,5
ISIC_0064368,2
ISIC_0069988,1
ISIC_0066837,3
ISIC_0065046,1
ISIC_0032786,2
ISIC_0031234,2
ISIC_0014622,5
ISIC_0060063,3
ISIC_0053702,1
ISIC_0014731,2
ISIC_0058673,3
ISIC_0014541,2
ISIC_0026849,3
ISIC_0033204,1
ISIC_0031321,5
ISIC_0059113,3
ISIC_0027124,2
ISIC_0070899,7
ISIC_0025318,2
ISIC_0031471,2
ISIC_0056603,1
ISIC_0067502,2
ISIC_0057035,2
ISIC_0026371,2
ISIC_0011330,2
ISIC_0027683,2
ISIC_0058804,2
ISIC_0054554,2
ISIC_0061276,4
ISIC_0072767,2
ISIC_0055649,3
ISIC_0026848,4
ISIC_0030950,3
ISIC_0029194,2
ISIC_0028413,3
ISIC_0013632,5
ISIC_0033419,2
ISIC_0063428,1
ISIC_0024769,2
ISIC_0055986,5
ISIC_0061287,5
ISIC_0015108,2
ISIC_0030879,2
ISIC_0054901,2
ISIC_0057798,1
ISIC_0033054,1
ISIC_0058353,2
ISIC_0056979,1
ISIC_0024809,2
ISIC_0026499,2
ISIC_0027139,1
ISIC_0014055,5
ISIC_0012756,5
ISIC_0025312,2
ISIC_0031823,4
ISIC_0054425,6
ISIC_0056159,4
ISIC_0060602,3
ISIC_0025652,2
ISIC_0067934,1
ISIC_0008145,2
ISIC_0055892,1
ISIC_0032770,2
ISIC_0071715,3
ISIC_0066857,4
ISIC_0065186,1
ISIC_0026134,2
ISIC_0068339,3
ISIC_0027981,2
ISIC_0000131,7
ISIC_0032361,2
ISIC_0063748,2
ISIC_0060464,5
ISIC_0060468,2
ISIC_0060431,1
ISIC_0031920,2
ISIC_0057590,4
ISIC_0064485,3
ISIC_0053711,2
ISIC_0065034,2
ISIC_0027954,2
ISIC_0070638,2
ISIC_0026508,2
ISIC_0061037,3
ISIC_0061345,5
ISIC_0027165,2
ISIC_0055447,5
ISIC_0072772,1
ISIC_0029220,3
ISIC_0064830,3
ISIC_0014511,3
ISIC_0066782,3
ISIC_0026914,2
ISIC_0060302,1
ISIC_0054237,5
ISIC_0063821,2
ISIC_0028362,2
ISIC_0026959,6
ISIC_0015193,1
ISIC_0029357,2
ISIC_0058394,7
ISIC_0058542,7
ISIC_0058351,2
ISIC_0060724,2
ISIC_0065406,2
ISIC_0028592,2
ISIC_0000387,2
ISIC_0069329,3
ISIC_0058277,8
ISIC_0014638,5
ISIC_0071899,3
ISIC_0026506,7
ISIC_0026582,2
ISIC_0031040,3
ISIC_0068859,2
ISIC_0053584,2
ISIC_0057778,3
ISIC_0056071,4
ISIC_0030156,2
ISIC_0062639,1
ISIC_0026414,8
ISIC_0060764,1
ISIC_0058186,2
ISIC_0030391,1
ISIC_0026118,3
ISIC_0013281,5
ISIC_0028833,2
ISIC_0030461,2
ISIC_0065589,3
ISIC_0011300,1
ISIC_0026747,2
ISIC_0001102,1
ISIC_0031452,2
ISIC_0014066,2
ISIC_0065448,2
ISIC_0070467,1
ISIC_0010261,2
ISIC_0068843,5
ISIC_0031220,2
ISIC_0032552,2
ISIC_0072215,1
ISIC_0055695,2
ISIC_0060210,5
ISIC_0068985,3
ISIC_0025082,2
ISIC_0063768,1
ISIC_0030827,5
ISIC_0000197,2
ISIC_0065878,2
ISIC_0029908,2
ISIC_0024724,2
ISIC_0013736,1
ISIC_0064998,4
ISIC_0025812,2
ISIC_0060967,1
ISIC_0026326,2
ISIC_0011092,2
ISIC_0010480,2
ISIC_0066718,2
ISIC_0072524,8
ISIC_0026050,2
ISIC_0030406,2
ISIC_0057250,1
ISIC_0056118,1
ISIC_0024731,2
ISIC_0030158,8
ISIC_0034266,2
ISIC_0025850,2
ISIC_0034161,3
ISIC_0030276,5
ISIC_0058128,4
ISIC_0059257,2
ISIC_0031945,1
ISIC_0014850,2
ISIC_0032328,2
ISIC_0068245,2
ISIC_0064417,2
ISIC_0056930,2
ISIC_0012452,2
ISIC_0060486,2
ISIC_0072301,2
ISIC_0033296,2
ISIC_0060897,1
ISIC_0060785,2
ISIC_0000122,2
ISIC_0025262,5
ISIC_0058070,2
ISIC_0024454,3
ISIC_0064041,5
ISIC_0061465,1
ISIC_0055085,5
ISIC_0030559,2
ISIC_0069027,4
ISIC_0029226,2
ISIC_0070539,3
ISIC_0033802,5
ISIC_0073130,4
ISIC_0029458,2
ISIC_0029323,3
ISIC_0071362,2
ISIC_0032848,2
ISIC_0061513,1
ISIC_0026473,8
ISIC_0028658,1
ISIC_0031030,2
ISIC_0070611,2
ISIC_0030943,2
ISIC_0062096,3
ISIC_0054281,2
ISIC_0054070,1
ISIC_0029795,2
ISIC_0055721,3
ISIC_0060149,3
ISIC_0060729,4
ISIC_0014829,2
ISIC_0065374,3
ISIC_0068017,3
ISIC_0030790,2
ISIC_0068887,2
ISIC_0015202,2
ISIC_0033358,4
ISIC_0069382,4
ISIC_0025140,2
ISIC_0031260,2
ISIC_0000188,2
ISIC_0032965,1
ISIC_0027583,2
ISIC_0032493,2
ISIC_0060459,1
ISIC_0061799,2
ISIC_0016042,2
ISIC_0028824,2
ISIC_0029915,6
ISIC_0012706,2
ISIC_0024817,2
ISIC_0068550,5
ISIC_0025386,2
ISIC_0025045,2
ISIC_0001142,1
ISIC_0072742,2
ISIC_0024838,2
ISIC_0027217,2
ISIC_0015984,3
ISIC_0060040,3
ISIC_0067452,1
ISIC_0025634,2
ISIC_0069401,2
ISIC_0027001,2
ISIC_0025266,3
ISIC_0071406,4
ISIC_0072892,2
ISIC_0032956,2
ISIC_0032064,2
ISIC_0058088,3
ISIC_0059295,3
ISIC_0068656,2
ISIC_0012879,1
ISIC_0027112,2
ISIC_0014600,1
ISIC_0064955,2
ISIC_0013600,2
ISIC_0066649,3
ISIC_0030641,2
ISIC_0061181,1
ISIC_0058056,1
ISIC_0060931,3
ISIC_0032453,2
ISIC_0030670,1
ISIC_0014110,2
ISIC_0028374,2
ISIC_0056329,5
ISIC_0063736,3
ISIC_0064733,2
ISIC_0033615,2
ISIC_0071536,1
ISIC_0068621,3
ISIC_0061673,2
ISIC_0058797,3
ISIC_0030375,3
ISIC_0067039,1
ISIC_0059755,3
ISIC_0032125,3
ISIC_0057040,4
ISIC_0062031,1
ISIC_0024727,2
ISIC_0063122,4
ISIC_0029928,2
ISIC_0030759,5
ISIC_0059235,2
ISIC_0031399,8
ISIC_0030626,1
ISIC_0014944,2
ISIC_0064364,2
ISIC_0014716,2
ISIC_0026555,2
ISIC_0027449,2
ISIC_0027598,6
ISIC_0067252,2
ISIC_0064289,2
ISIC_0058663,1
ISIC_0070284,3
ISIC_0066826,3
ISIC_0064994,2
ISIC_0064742,4
ISIC_0030811,2
ISIC_0031801,2
ISIC_0069078,2
ISIC_0015118,1
ISIC_0073237,1
ISIC_0059601,3
ISIC_0010264,5
ISIC_0028366,2
ISIC_0067757,1
ISIC_0066668,2
ISIC_0032661,2
ISIC_0030018,2
ISIC_0029476,2
ISIC_0025941,2
ISIC_0028839,2
ISIC_0032294,2
ISIC_0025390,2
ISIC_0026680,2
ISIC_0058655,1
ISIC_0056229,3
ISIC_0072771,2
ISIC_0068735,1
ISIC_0060327,4
ISIC_0056768,4
ISIC_0031437,2
ISIC_0061830,5
ISIC_0030383,4
ISIC_0062687,5
ISIC_0027896,4
ISIC_0026767,2
ISIC_0072604,2
ISIC_0033213,1
ISIC_0059717,3
ISIC_0025355,2
ISIC_0059614,2
ISIC_0058556,3
ISIC_0033243,2
ISIC_0062201,2
ISIC_0028791,2
ISIC_0071973,2
ISIC_0057150,2
ISIC_0031533,1
ISIC_0024866,2
ISIC_0062442,1
ISIC_0026563,2
ISIC_0024774,5
ISIC_0014432,4
ISIC_0025068,4
ISIC_0067498,1
ISIC_0013765,4
ISIC_0067584,5
ISIC_0010088,3
ISIC_0030409,2
ISIC_0027143,2
ISIC_0064786,7
ISIC_0030608,5
ISIC_0031795,1
ISIC_0033221,2
ISIC_0064096,3
ISIC_0067899,1
ISIC_0058310,2
ISIC_0030431,2
ISIC_0069508,6
ISIC_0029032,5
ISIC_0064789,3
ISIC_0031137,2
ISIC_0029951,3
ISIC_0009965,2
ISIC_0027926,2
ISIC_0012152,3
ISIC_0025319,3
ISIC_0014941,2
ISIC_0009954,2
ISIC_0025806,2
ISIC_0032376,1
ISIC_0028647,2
ISIC_0013792,2
ISIC_0000196,2
ISIC_0053564,2
ISIC_0033178,2
ISIC_0058324,4
ISIC_0058362,1
ISIC_0071176,2
ISIC_0067510,2
ISIC_0066954,5
ISIC_0033628,2
ISIC_0072167,2
ISIC_0026522,8
ISIC_0065947,1
ISIC_0061900,1
ISIC_0030472,2
ISIC_0053558,3
ISIC_0056290,8
ISIC_0029505,5
ISIC_0073049,3
ISIC_0059358,1
ISIC_0057754,2
ISIC_0071706,1
ISIC_0068273,3
ISIC_0030545,2
ISIC_0055910,5
ISIC_0015960,2
ISIC_0034189,5
ISIC_0059329,3
ISIC_0027776,4
ISIC_0031796,2
ISIC_0055316,2
ISIC_0034049,1
ISIC_0071118,2
ISIC_0031466,2
ISIC_0012211,1
ISIC_0065282,4
ISIC_0027987,2
ISIC_0029700,2
ISIC_0060632,5
ISIC_0056586,5
ISIC_0059111,3
ISIC_0056943,2
ISIC_0064710,4
ISIC_0028872,5
ISIC_0054344,3
ISIC_0067146,3
ISIC_0068353,3
ISIC_0025338,2
ISIC_0014543,2
ISIC_0065228,4
ISIC_0032013,5
ISIC_0013498,2
ISIC_0057033,1
ISIC_0072025,1
ISIC_0061940,1
ISIC_0072474,3
ISIC_0061649,2
ISIC_0067657,1
ISIC_0014596,5
ISIC_0064030,3
ISIC_0031627,2
ISIC_0064631,4
ISIC_0027601,3
ISIC_0065338,1
ISIC_0057314,4
ISIC_0061770,1
ISIC_0025514,2
ISIC_0073031,7
ISIC_0028654,2
ISIC_0007156,2
ISIC_0030516,2
ISIC_0026214,2
ISIC_0000314,2
ISIC_0014979,2
ISIC_0025577,8
ISIC_0061029,1
ISIC_0027977,2
ISIC_0016031,2
ISIC_0057390,1
ISIC_0068343,1
ISIC_0025756,2
ISIC_0059468,2
ISIC_0058191,4
ISIC_0068226,5
ISIC_0026405,2
ISIC_0028525,5
ISIC_0057914,1
ISIC_0071513,3
ISIC_0031034,2
ISIC_0025109,2
ISIC_0056480,2
ISIC_0028505,1
ISIC_0059705,2
ISIC_0053659,2
ISIC_0065156,1
ISIC_0026264,2
ISIC_0072557,1
ISIC_0070302,3
ISIC_0027380,2
ISIC_0027647,2
ISIC_0071168,2
ISIC_0057880,4
ISIC_0066505,5
ISIC_0014286,2
ISIC_0026336,7
ISIC_0029887,2
ISIC_0058946,4
ISIC_0060615,6
ISIC_0012987,2
ISIC_0011294,1
ISIC_0031886,2
ISIC_0028407,2
ISIC_0033752,5
ISIC_0066004,1
ISIC_0056827,2
ISIC_0063411,1
ISIC_0067122,8
ISIC_0069278,2
ISIC_0030604,5
ISIC_0066395,2
ISIC_0025136,5
ISIC_0010444,2
ISIC_0058930,2
ISIC_0031432,2
ISIC_0024396,3
ISIC_0028569,2
ISIC_0024550,3
ISIC_0024657,2
ISIC_0010488,2
ISIC_0062559,1
ISIC_0033551,3
ISIC_0057385,5
ISIC_0068950,1
ISIC_0061997,1
ISIC_0073183,2
ISIC_0029778,4
ISIC_0030250,2
ISIC_0054650,4
ISIC_0072324,2
ISIC_0030775,2
ISIC_0031171,3
ISIC_0062844,1
ISIC_0033196,2
ISIC_0030947,2
ISIC_0070981,4
ISIC_0071133,1
ISIC_0031618,2
ISIC_0029611,2
ISIC_0029307,2
ISIC_0062352,2
ISIC_0068457,2
ISIC_0024323,5
ISIC_0058434,3
ISIC_0072611,2
ISIC_0055609,4
ISIC_0065432,3
ISIC_0072125,3
ISIC_0068407,2
ISIC_0055661,1
ISIC_0028711,2
ISIC_0064039,2
ISIC_0010862,5
ISIC_0031441,2
ISIC_0031283,2
ISIC_0062258,3
ISIC_0027923,2
ISIC_0069998,1
ISIC_0053621,3
ISIC_0066696,3
ISIC_0012939,2
ISIC_0031117,2
ISIC_0026374,5
ISIC_0055100,5
ISIC_0055677,3
ISIC_0063994,8
ISIC_0071748,2
ISIC_0024733,4
ISIC_0025178,8
ISIC_0031165,2
ISIC_0062173,2
ISIC_0066648,6
ISIC_0054140,3
ISIC_0071935,4
ISIC_0065313,1
ISIC_0033000,8
ISIC_0053655,2
ISIC_0065245,1
ISIC_0066099,2
ISIC_0062337,2
ISIC_0011132,2
ISIC_0025074,1
ISIC_0027401,1
ISIC_0068003,1
ISIC_0058631,3
ISIC_0027872,1
ISIC_0015937,2
ISIC_0015976,2
ISIC_0060594,5
ISIC_0072201,3
ISIC_0029779,7
ISIC_0061226,5
ISIC_0067866,2
ISIC_0062850,1
ISIC_0000205,2
ISIC_0028409,2
ISIC_0072609,2
ISIC_0029975,1
ISIC_0053715,8
ISIC_0014163,2
ISIC_0026084,8
ISIC_0057889,1
ISIC_0060951,2
ISIC_0065948,2
ISIC_0064919,1
ISIC_0032647,2
ISIC_0027220,2
ISIC_0060794,2
ISIC_0069986,1
ISIC_0008396,2
ISIC_0031587,2
ISIC_0065099,3
ISIC_0034282,2
ISIC_0066608,4
ISIC_0063381,2
ISIC_0030690,3
ISIC_0030445,3
ISIC_0027361,5
ISIC_0030992,2
ISIC_0066310,2
ISIC_0028365,2
ISIC_0068538,1
ISIC_0069529,2
ISIC_0059729,3
ISIC_0000176,1
ISIC_0062463,1
ISIC_0026372,2
ISIC_0054506,2
ISIC_0028174,3
ISIC_0063252,2
ISIC_0028402,2
ISIC_0060371,5
ISIC_0033885,1
ISIC_0032321,2
ISIC_0072221,1
ISIC_0032485,2
ISIC_0014489,1
ISIC_0054668,7
ISIC_0027346,5
ISIC_0015149,1
ISIC_0012666,3
ISIC_0070419,5
ISIC_0026365,5
ISIC_0033233,2
ISIC_0056072,1
ISIC_0014585,5
ISIC_0055954,4
ISIC_0028217,2
ISIC_0073181,5
ISIC_0000363,2
ISIC_0062357,2
ISIC_0071189,2
ISIC_0033750,5
ISIC_0053883,2
ISIC_0056691,3
ISIC_0060135,3
ISIC_0030995,5
ISIC_0024860,2
ISIC_0030291,2
ISIC_0028881,5
ISIC_0066374,4
ISIC_0056861,2
ISIC_0055663,3
ISIC_0055514,2
ISIC_0012395,1
ISIC_0030566,2
ISIC_0054594,5
ISIC_0024655,2
ISIC_0056824,4
ISIC_0061490,4
ISIC_0057374,1
ISIC_0024849,2
ISIC_0012785,2
ISIC_0024943,5
ISIC_0065818,2
ISIC_0015244,2
ISIC_0071039,2
ISIC_0025247,3
ISIC_0059543,2
ISIC_0024386,6
ISIC_0065481,3
ISIC_0026941,5
ISIC_0030309,6
ISIC_0068728,1
ISIC_0032098,2
ISIC_0061651,2
ISIC_0026729,4
ISIC_0053661,5
ISIC_0033151,4
ISIC_0029640,2
ISIC_0030430,2
ISIC_0027019,2
ISIC_0000297,2
ISIC_0072750,3
ISIC_0066761,3
ISIC_0060340,5
ISIC_0064048,2
ISIC_0068177,3
ISIC_0071139,2
ISIC_0067303,3
ISIC_0030086,2
ISIC_0028875,2
ISIC_0056756,4
ISIC_0055969,3
ISIC_0013212,3
ISIC_0026576,4
ISIC_0068644,3
ISIC_0063214,2
ISIC_0030935,5
ISIC_0056544,3
ISIC_0060787,2
ISIC_0029293,2
ISIC_0024546,2
ISIC_0065806,1
ISIC_0055853,2
ISIC_0064754,3
ISIC_0056472,2
ISIC_0054487,4
ISIC_0032065,2
ISIC_0063362,1
ISIC_0055571,6
ISIC_0034271,2
ISIC_0066014,3
ISIC_0065394,2
ISIC_0030483,2
ISIC_0030783,5
ISIC_0059109,5
ISIC_0070236,3
ISIC_0029536,2
ISIC_0027657,2
ISIC_0025399,2
ISIC_0014324,4
ISIC_0056629,2
ISIC_0028164,2
ISIC_0026600,2
ISIC_0027596,2
ISIC_0014507,1
ISIC_0053952,5
ISIC_0009880,2
ISIC_0012828,5
ISIC_0059276,1
ISIC_0063995,3
ISIC_0066401,1
ISIC_0064281,1
ISIC_0025536,2
ISIC_0059093,1
ISIC_0030115,8
ISIC_0029043,8
ISIC_0014740,2
ISIC_0026283,5
ISIC_0032496,2
ISIC_0034072,5
ISIC_0063212,2
ISIC_0055393,5
ISIC_0071815,1
ISIC_0029702,2
ISIC_0058534,2
ISIC_0032644,2
ISIC_0067264,3
ISIC_0001242,2
ISIC_0062355,3
ISIC_0055645,3
ISIC_0025952,2
ISIC_0025562,2
ISIC_0013577,1
ISIC_0057021,3
ISIC_0067094,1
ISIC_0060390,1
ISIC_0061978,5
ISIC_0054006,1
ISIC_0016054,5
ISIC_0032682,2
ISIC_0062615,3
ISIC_0056660,1
ISIC_0026700,2
ISIC_0025970,2
ISIC_0057165,1
ISIC_0032341,2
ISIC_0062121,3
